日期,Open,Close,High,Low,Volume,成交额,振幅,涨跌幅,涨跌额,换手率,openinterest
2019-01-02,7.82,7.78,7.83,7.67,263797,230063809.0,2.05,-0.51,-0.04,0.33,0
2019-01-03,7.77,7.96,8.22,7.77,509136,457297088.0,5.78,2.31,0.18,0.63,0
2019-01-04,7.85,8.59,8.76,7.83,994661,932509968.0,11.68,7.91,0.63,1.23,0
2019-01-07,8.52,8.62,8.74,8.52,697352,670426624.0,2.56,0.35,0.03,0.86,0
2019-01-08,8.59,8.57,8.77,8.48,599873,573876688.0,3.36,-0.58,-0.05,0.74,0
2019-01-09,8.57,8.7,8.85,8.56,828311,804555728.0,3.38,1.52,0.13,1.02,0
2019-01-10,8.67,8.52,8.76,8.5,381844,366809680.0,2.99,-2.07,-0.18,0.47,0
2019-01-11,8.52,8.58,8.65,8.49,325991,311015760.0,1.88,0.7,0.06,0.4,0
2019-01-14,8.63,8.61,8.78,8.56,390495,376554704.0,2.56,0.35,0.03,0.48,0
2019-01-15,8.61,8.88,8.94,8.6,673866,660542928.0,3.95,3.14,0.27,0.83,0
2019-01-16,8.87,8.81,8.92,8.77,363706,357456816.0,1.69,-0.79,-0.07,0.45,0
2019-01-17,8.83,8.73,8.94,8.72,320088,313418304.0,2.5,-0.91,-0.08,0.4,0
2019-01-18,8.75,8.87,8.92,8.7,434634,425880912.0,2.52,1.6,0.14,0.54,0
2019-01-21,8.86,8.88,9.0,8.76,534537,527516960.0,2.71,0.11,0.01,0.66,0
2019-01-22,8.87,8.67,8.89,8.67,329538,321242960.0,2.48,-2.36,-0.21,0.41,0
2019-01-23,8.64,8.72,8.78,8.64,169397,164273827.0,1.61,0.58,0.05,0.21,0
2019-01-24,8.74,8.93,9.07,8.74,491684,487057840.0,3.78,2.41,0.21,0.61,0
2019-01-25,8.93,9.08,9.22,8.93,702514,707933808.0,3.25,1.68,0.15,0.87,0
2019-01-28,9.18,9.05,9.42,8.95,528647,536706896.0,5.18,-0.33,-0.03,0.65,0
2019-01-29,8.94,9.01,9.17,8.82,429062,427599408.0,3.87,-0.44,-0.04,0.53,0
2019-01-30,8.93,8.88,9.06,8.82,322552,320167776.0,2.66,-1.44,-0.13,0.4,0
2019-01-31,8.92,9.1,9.16,8.88,466797,468575088.0,3.15,2.48,0.22,0.58,0
2019-02-01,9.26,9.31,9.33,9.11,639426,653001488.0,2.42,2.31,0.21,0.79,0
2019-02-11,9.25,9.66,9.68,9.22,577440,605302192.0,4.94,3.76,0.35,0.71,0
2019-02-12,9.64,9.88,9.98,9.54,642617,692422864.0,4.55,2.28,0.22,0.79,0
2019-02-13,9.88,10.25,10.33,9.76,855042,948153840.0,5.77,3.74,0.37,1.06,0
2019-02-14,10.18,10.18,10.31,10.02,531858,593363392.0,2.83,-0.68,-0.07,0.66,0
2019-02-15,10.12,9.84,10.17,9.79,625723,685108000.0,3.73,-3.34,-0.34,0.77,0
2019-02-18,9.94,10.43,10.53,9.92,1050671,1178273584.0,6.2,6.0,0.59,1.3,0
2019-02-19,10.49,10.58,10.96,10.36,1052793,1222522080.0,5.75,1.44,0.15,1.3,0
2019-02-20,10.57,10.59,10.72,10.41,594447,684873808.0,2.93,0.09,0.01,0.73,0
2019-02-21,10.51,10.66,11.33,10.43,1023376,1202792560.0,8.5,0.66,0.07,1.26,0
2019-02-22,10.81,11.73,11.8,10.57,1778023,2160396848.0,11.54,10.04,1.07,2.2,0
2019-02-25,12.18,13.0,13.0,11.83,2714745,3665906336.0,9.97,10.83,1.27,3.35,0
2019-02-26,13.14,12.49,13.5,12.45,2502211,3487332576.0,8.08,-3.92,-0.51,3.09,0
2019-02-27,12.36,12.2,12.72,11.81,2019161,2671880720.0,7.29,-2.32,-0.29,2.5,0
2019-02-28,12.1,11.73,12.1,11.56,1244066,1590032464.0,4.43,-3.85,-0.47,1.54,0
2019-03-01,11.87,12.04,12.22,11.65,1304994,1684072096.0,4.86,2.64,0.31,1.61,0
2019-03-04,12.16,12.09,12.82,11.92,2111948,2797538016.0,7.48,0.42,0.05,2.61,0
2019-03-05,11.94,12.05,12.13,11.8,1177639,1522739712.0,2.73,-0.33,-0.04,1.46,0
2019-03-06,12.1,12.48,12.82,11.82,2633803,3476009488.0,8.3,3.57,0.43,3.25,0
2019-03-07,13.12,13.83,13.83,12.77,5176460,7482787840.0,8.49,10.82,1.35,6.4,0
2019-03-08,13.29,13.33,14.15,13.06,4490399,6555393536.0,7.88,-3.62,-0.5,5.55,0
2019-03-11,13.58,13.39,14.12,13.0,3287502,4753575424.0,8.4,0.45,0.06,4.06,0
2019-03-12,13.54,13.17,13.86,13.0,3181564,4590704384.0,6.42,-1.64,-0.22,3.93,0
2019-03-13,13.17,12.74,13.22,12.57,2067382,2860127936.0,4.94,-3.26,-0.43,2.55,0
2019-03-14,12.54,12.31,12.8,12.17,1244527,1672418064.0,4.95,-3.38,-0.43,1.54,0
2019-03-15,12.4,12.78,13.14,12.4,1654650,2265291808.0,6.01,3.82,0.47,2.04,0
2019-03-18,12.62,12.99,13.07,12.47,1741364,2397444688.0,4.69,1.64,0.21,2.15,0
2019-03-19,12.97,12.72,13.03,12.57,1199492,1651016256.0,3.54,-2.08,-0.27,1.48,0
2019-03-20,12.72,12.94,13.18,12.65,1508719,2096868896.0,4.17,1.73,0.22,1.86,0
2019-03-21,12.97,13.23,13.58,12.78,2335361,3317976720.0,6.18,2.24,0.29,2.89,0
2019-03-22,13.16,12.99,13.31,12.75,1330621,1859966800.0,4.23,-1.81,-0.24,1.64,0
2019-03-25,12.63,12.35,12.83,12.26,1378855,1865463904.0,4.39,-4.93,-0.64,1.7,0
2019-03-26,12.47,11.86,12.5,11.75,1198858,1567976416.0,6.07,-3.97,-0.49,1.48,0
2019-03-27,11.97,11.93,12.17,11.73,1124407,1454525360.0,3.71,0.59,0.07,1.39,0
2019-03-28,11.86,11.77,12.1,11.65,935507,1200786496.0,3.77,-1.34,-0.16,1.16,0
2019-03-29,11.85,13.05,13.05,11.83,2910541,3988432912.0,10.37,10.88,1.28,3.6,0
2019-04-01,13.3,13.43,13.72,12.95,2880446,4117432976.0,5.9,2.91,0.38,3.56,0
2019-04-02,13.47,13.55,14.0,13.37,2064018,3023537264.0,4.69,0.89,0.12,2.55,0
2019-04-03,13.43,15.0,15.0,13.32,3363320,5111002880.0,12.4,10.7,1.45,4.16,0
2019-04-04,14.92,14.84,15.07,14.5,2379936,3750674816.0,3.8,-1.07,-0.16,2.94,0
2019-04-08,15.02,14.43,15.12,13.98,2147055,3325697296.0,7.68,-2.76,-0.41,2.65,0
2019-04-09,14.32,14.24,14.6,13.87,1649731,2501937248.0,5.06,-1.32,-0.19,2.04,0
2019-04-10,13.98,13.85,14.17,13.43,2221401,3265252224.0,5.2,-2.74,-0.39,2.75,0
2019-04-11,13.72,13.51,13.83,13.4,1316323,1914909056.0,3.1,-2.45,-0.34,1.63,0
2019-04-12,13.49,13.63,13.89,13.48,1156731,1694458096.0,3.03,0.89,0.12,1.43,0
2019-04-15,14.02,13.32,14.1,13.3,1529510,2249165648.0,5.87,-2.27,-0.31,1.89,0
2019-04-16,13.2,13.72,13.77,12.82,1948499,2775294336.0,7.13,3.0,0.4,2.41,0
2019-04-17,13.58,13.47,13.64,13.35,1117277,1616451392.0,2.11,-1.82,-0.25,1.38,0
2019-04-18,13.46,13.38,13.57,13.33,787603,1134843888.0,1.78,-0.67,-0.09,0.97,0
2019-04-19,13.44,13.54,13.74,13.36,909583,1320029232.0,2.84,1.2,0.16,1.12,0
2019-04-22,13.71,12.92,13.78,12.89,1698960,2405947456.0,6.57,-4.58,-0.62,2.1,0
2019-04-23,12.92,13.07,13.44,12.87,1166450,1646284592.0,4.41,1.16,0.15,1.44,0
2019-04-24,13.06,13.21,13.35,12.94,907472,1282218816.0,3.14,1.07,0.14,1.12,0
2019-04-25,13.15,12.85,13.42,12.83,1062233,1502161920.0,4.47,-2.73,-0.36,1.31,0
2019-04-26,12.92,13.32,13.68,12.92,2129211,3050470448.0,5.91,3.66,0.47,2.63,0
2019-04-29,13.39,12.95,13.52,12.75,1590037,2231068384.0,5.78,-2.78,-0.37,1.96,0
2019-04-30,12.95,13.0,13.17,12.88,872722,1221247712.0,2.24,0.39,0.05,1.08,0
2019-05-06,12.02,11.6,12.33,11.6,1830952,2357575056.0,5.62,-10.77,-1.4,2.26,0
2019-05-07,11.75,11.69,11.78,11.25,1472415,1844637600.0,4.57,0.78,0.09,1.82,0
2019-05-08,11.32,11.39,11.72,11.26,933192,1162102928.0,3.93,-2.57,-0.3,1.15,0
2019-05-09,11.26,11.07,11.37,11.03,968574,1180465248.0,2.99,-2.81,-0.32,1.2,0
2019-05-10,11.37,11.79,11.88,11.08,1565571,1966527952.0,7.23,6.5,0.72,1.93,0
2019-05-13,11.55,11.45,11.61,11.38,855305,1067264400.0,1.95,-2.88,-0.34,1.06,0
2019-05-14,11.32,11.34,11.65,11.28,792712,987278624.0,3.23,-0.96,-0.11,0.98,0
2019-05-15,11.45,11.66,11.76,11.33,956869,1199674160.0,3.79,2.82,0.32,1.18,0
2019-05-16,11.6,11.59,11.7,11.47,591306,741999792.0,1.97,-0.6,-0.07,0.73,0
2019-05-17,11.6,11.11,11.65,11.02,996804,1220999760.0,5.44,-4.14,-0.48,1.23,0
2019-05-20,11.02,11.16,11.37,10.98,619674,751594240.0,3.51,0.45,0.05,0.77,0
2019-05-21,11.16,11.28,11.47,11.11,674502,829038144.0,3.23,1.08,0.12,0.83,0
2019-05-22,11.3,11.17,11.38,11.07,440074,537452528.0,2.75,-0.98,-0.11,0.54,0
2019-05-23,11.11,11.06,11.3,11.03,679821,823790768.0,2.42,-0.98,-0.11,0.84,0
2019-05-24,11.03,11.04,11.17,11.02,401132,484004384.0,1.36,-0.18,-0.02,0.5,0
2019-05-27,11.08,11.4,11.5,11.0,785916,965887696.0,4.53,3.26,0.36,0.97,0
2019-05-28,11.38,11.32,11.5,11.22,704895,868982688.0,2.46,-0.7,-0.08,0.87,0
2019-05-29,11.28,11.34,11.49,11.25,529614,653626752.0,2.12,0.18,0.02,0.65,0
2019-05-30,11.3,11.21,11.3,11.1,444864,540794816.0,1.76,-1.15,-0.13,0.55,0
2019-05-31,11.21,11.12,11.29,11.1,367481,447187360.0,1.69,-0.8,-0.09,0.45,0
2019-06-03,11.24,11.31,11.44,11.17,722347,887778032.0,2.43,1.71,0.19,0.89,0
2019-06-04,11.3,11.44,11.51,11.26,900961,1117392240.0,2.21,1.15,0.13,1.11,0
2019-06-05,11.58,11.75,12.08,11.51,1274070,1624198576.0,4.98,2.71,0.31,1.57,0
2019-06-06,11.66,11.6,11.92,11.55,852959,1080363456.0,3.15,-1.28,-0.15,1.05,0
2019-06-10,11.47,11.41,11.64,11.14,724926,897952448.0,4.31,-1.64,-0.19,0.9,0
2019-06-11,11.42,12.14,12.18,11.37,1324896,1711030192.0,7.1,6.4,0.73,1.64,0
2019-06-12,12.02,11.9,12.11,11.88,827966,1072002016.0,1.89,-1.98,-0.24,1.02,0
2019-06-13,11.9,11.99,12.11,11.84,697299,904233824.0,2.27,0.76,0.09,0.86,0
2019-06-14,11.97,11.76,12.06,11.67,980104,1258446208.0,3.25,-1.92,-0.23,1.21,0
2019-06-17,11.73,11.89,11.99,11.73,537809,692904096.0,2.21,1.11,0.13,0.66,0
2019-06-18,11.96,11.8,11.96,11.74,413913,529904640.0,1.85,-0.76,-0.09,0.51,0
2019-06-19,12.61,12.1,12.88,12.06,1313219,1755887744.0,6.95,2.54,0.3,1.62,0
2019-06-20,12.06,13.04,13.41,12.06,2240037,3092949680.0,11.16,7.77,0.94,2.77,0
2019-06-21,13.21,13.24,13.42,13.07,1508132,2148194960.0,2.68,1.53,0.2,1.86,0
2019-06-24,13.52,13.26,13.54,13.14,1071032,1532176528.0,3.02,0.15,0.02,1.32,0
2019-06-25,13.2,13.28,13.44,12.88,1264811,1791462160.0,4.22,0.15,0.02,1.56,0
2019-06-26,13.02,12.94,13.2,12.88,722323,1010247376.0,2.41,-2.56,-0.34,0.89,0
2019-06-27,13.08,13.21,13.44,13.06,998512,1422197904.0,2.94,2.09,0.27,1.23,0
2019-06-28,13.18,13.21,13.28,13.03,672415,949475184.0,1.89,0.0,0.0,0.83,0
2019-07-01,13.72,13.5,13.78,13.39,1403075,2041869120.0,2.95,2.2,0.29,1.73,0
2019-07-02,13.41,13.28,13.45,13.23,712380,1018464320.0,1.63,-1.63,-0.22,0.88,0
2019-07-03,13.27,12.92,13.28,12.83,891436,1242391360.0,3.39,-2.71,-0.36,1.1,0
2019-07-04,12.88,12.81,13.01,12.67,834733,1153960736.0,2.63,-0.85,-0.11,1.03,0
2019-07-05,12.86,12.88,13.1,12.76,597324,829588816.0,2.65,0.55,0.07,0.74,0
2019-07-08,12.88,12.6,12.95,12.53,718294,984751728.0,3.26,-2.17,-0.28,0.89,0
2019-07-09,12.6,12.72,12.78,12.52,516355,704944864.0,2.06,0.95,0.12,0.64,0
2019-07-10,12.77,12.71,12.89,12.64,428253,588567328.0,1.97,-0.08,-0.01,0.53,0
2019-07-11,12.81,12.76,12.99,12.67,638766,881668240.0,2.52,0.39,0.05,0.79,0
2019-07-12,12.74,12.9,12.93,12.62,600287,829113232.0,2.43,1.1,0.14,0.74,0
2019-07-15,12.83,13.08,13.32,12.67,901927,1260977984.0,5.04,1.4,0.18,1.11,0
2019-07-16,13.03,13.01,13.12,12.99,349638,490192144.0,0.99,-0.54,-0.07,0.43,0
2019-07-17,12.98,12.94,13.08,12.92,434319,607245456.0,1.23,-0.54,-0.07,0.54,0
2019-07-18,12.84,12.77,12.89,12.7,419882,578169904.0,1.47,-1.31,-0.17,0.52,0
2019-07-19,12.85,13.11,13.18,12.82,695639,977121216.0,2.82,2.66,0.34,0.86,0
2019-07-22,13.22,12.91,13.26,12.89,599849,839760272.0,2.82,-1.53,-0.2,0.74,0
2019-07-23,12.98,12.95,13.01,12.85,381436,530677168.0,1.24,0.31,0.04,0.47,0
2019-07-24,13.03,12.99,13.19,12.97,536047,753456624.0,1.7,0.31,0.04,0.66,0
2019-07-25,13.03,13.06,13.07,12.92,350037,489498016.0,1.15,0.54,0.07,0.43,0
2019-07-26,13.05,12.98,13.05,12.92,304168,420380784.0,1.0,-0.61,-0.08,0.38,0
2019-07-29,12.99,12.78,12.99,12.77,434460,593379792.0,1.69,-1.54,-0.2,0.54,0
2019-07-30,12.82,12.97,13.12,12.82,512818,708621952.0,2.35,1.49,0.19,0.63,0
2019-07-31,12.92,13.03,13.08,12.91,425466,588639824.0,1.31,0.46,0.06,0.53,0
2019-08-01,12.91,12.9,13.04,12.86,389575,535799824.0,1.38,-1.0,-0.13,0.48,0
2019-08-02,12.62,12.46,12.64,12.39,693708,924656352.0,1.94,-3.41,-0.44,0.86,0
2019-08-05,12.37,12.11,12.49,12.08,533418,699033920.0,3.29,-2.81,-0.35,0.66,0
2019-08-06,11.77,12.01,12.16,11.68,727285,924172768.0,3.96,-0.83,-0.1,0.9,0
2019-08-07,12.11,11.71,12.12,11.71,482321,613812976.0,3.41,-2.5,-0.3,0.6,0
2019-08-08,12.14,11.89,12.2,11.83,571262,731062768.0,3.16,1.54,0.18,0.71,0
2019-08-09,12.0,11.75,12.04,11.73,424920,539442560.0,2.61,-1.18,-0.14,0.53,0
2019-08-12,11.92,12.1,12.11,11.91,517989,666099104.0,1.7,2.98,0.35,0.64,0
2019-08-13,11.97,11.95,12.03,11.9,282337,361034672.0,1.07,-1.24,-0.15,0.35,0
2019-08-14,12.12,11.95,12.26,11.95,340286,439175936.0,2.59,0.0,0.0,0.42,0
2019-08-15,11.57,11.93,11.95,11.53,411939,518167424.0,3.51,-0.17,-0.02,0.51,0
2019-08-16,11.91,11.96,12.17,11.78,478239,613677568.0,3.27,0.25,0.03,0.59,0
2019-08-19,12.18,13.01,13.05,12.1,1401078,1887495872.0,7.94,8.78,1.05,1.73,0
2019-08-20,12.94,12.98,13.12,12.87,818689,1132305808.0,1.92,-0.23,-0.03,1.01,0
2019-08-21,12.93,12.91,13.03,12.84,436516,600866736.0,1.46,-0.54,-0.07,0.54,0
2019-08-22,12.99,12.94,13.01,12.84,342391,471135072.0,1.32,0.23,0.03,0.42,0
2019-08-23,12.93,12.85,13.07,12.78,440047,604433424.0,2.24,-0.7,-0.09,0.54,0
2019-08-26,12.6,12.76,12.89,12.55,498679,675449328.0,2.65,-0.7,-0.09,0.62,0
2019-08-27,12.85,13.0,13.27,12.85,894965,1246361424.0,3.29,1.88,0.24,1.11,0
2019-08-28,12.92,12.83,13.0,12.77,422942,580277232.0,1.77,-1.31,-0.17,0.52,0
2019-08-29,12.89,12.83,12.93,12.74,349798,477655632.0,1.48,0.0,0.0,0.43,0
2019-08-30,12.97,12.83,13.11,12.8,524330,723172736.0,2.42,0.0,0.0,0.65,0
2019-09-02,12.85,13.26,13.29,12.85,996410,1395369328.0,3.43,3.35,0.43,1.23,0
2019-09-03,13.22,13.26,13.35,13.15,626022,880740880.0,1.51,0.0,0.0,0.77,0
2019-09-04,13.19,13.53,13.7,13.19,991118,1420510464.0,3.85,2.04,0.27,1.22,0
2019-09-05,13.83,14.17,14.79,13.83,2146298,3262984560.0,7.1,4.73,0.64,2.65,0
2019-09-06,14.47,14.28,14.52,14.07,1077150,1625310416.0,3.18,0.78,0.11,1.33,0
2019-09-09,14.5,14.36,14.64,14.24,1326790,2022231072.0,2.8,0.56,0.08,1.64,0
2019-09-10,14.27,14.29,14.5,14.0,964037,1452094608.0,3.48,-0.49,-0.07,1.19,0
2019-09-11,14.52,14.84,15.36,14.36,2146463,3356728304.0,7.0,3.85,0.55,2.65,0
2019-09-12,14.97,15.71,15.76,14.76,2320045,3731342896.0,6.74,5.86,0.87,2.87,0
2019-09-16,15.81,15.36,15.81,15.12,1840065,2991771024.0,4.39,-2.23,-0.35,2.27,0
2019-09-17,15.2,14.76,15.31,14.55,1790513,2812806656.0,4.95,-3.91,-0.6,2.21,0
2019-09-18,14.77,14.41,14.8,14.33,1284943,1975127344.0,3.18,-2.37,-0.35,1.59,0
2019-09-19,14.47,14.52,14.58,14.26,964920,1472603216.0,2.22,0.76,0.11,1.19,0
2019-09-20,14.51,14.35,14.52,14.14,1164699,1765837120.0,2.62,-1.17,-0.17,1.44,0
2019-09-23,14.29,14.28,14.5,14.12,1037714,1565262496.0,2.65,-0.49,-0.07,1.28,0
2019-09-24,14.36,14.43,14.74,14.25,1418574,2173040928.0,3.43,1.05,0.15,1.75,0
2019-09-25,14.22,14.24,14.52,14.17,888815,1342873536.0,2.43,-1.32,-0.19,1.1,0
2019-09-26,14.31,13.85,14.42,13.77,1059792,1580663040.0,4.56,-2.74,-0.39,1.31,0
2019-09-27,13.84,14.03,14.05,13.78,612966,905280400.0,1.95,1.3,0.18,0.76,0
2019-09-30,14.01,13.47,14.04,13.47,715814,1045348896.0,4.06,-3.99,-0.56,0.88,0
2019-10-08,13.6,13.39,13.69,13.32,715918,1024842688.0,2.75,-0.59,-0.08,0.88,0
2019-10-09,13.32,13.47,13.51,13.23,547348,778926720.0,2.09,0.6,0.08,0.68,0
2019-10-10,13.47,13.67,13.81,13.44,789129,1141901344.0,2.75,1.48,0.2,0.98,0
2019-10-11,13.72,14.14,14.29,13.61,1293210,1920879328.0,4.97,3.44,0.47,1.6,0
2019-10-14,14.37,14.33,14.6,14.17,1336372,2038115616.0,3.04,1.34,0.19,1.65,0
2019-10-15,14.31,14.25,14.39,14.14,591024,891452144.0,1.74,-0.56,-0.08,0.73,0
2019-10-16,14.32,14.2,14.54,14.17,686573,1040341792.0,2.6,-0.35,-0.05,0.85,0
2019-10-17,14.18,13.95,14.26,13.87,659188,979513472.0,2.75,-1.76,-0.25,0.81,0
2019-10-18,13.95,13.49,14.04,13.47,818051,1187417280.0,4.09,-3.3,-0.46,1.01,0
2019-10-21,13.36,13.33,13.38,13.11,667430,940687600.0,2.0,-1.19,-0.16,0.82,0
2019-10-22,13.34,13.43,13.48,13.25,455928,647551232.0,1.73,0.75,0.1,0.56,0
2019-10-23,13.43,13.32,13.48,13.28,369941,524868960.0,1.49,-0.82,-0.11,0.46,0
2019-10-24,13.35,13.4,13.6,13.28,445440,635198256.0,2.4,0.6,0.08,0.55,0
2019-10-25,13.38,13.57,13.6,13.26,599414,857345824.0,2.54,1.27,0.17,0.74,0
2019-10-28,13.64,13.82,13.87,13.45,706009,1024160240.0,3.1,1.84,0.25,0.87,0
2019-10-29,13.78,13.46,13.78,13.43,512717,740067872.0,2.53,-2.6,-0.36,0.63,0
2019-10-30,13.42,13.26,13.46,13.25,416362,588958976.0,1.56,-1.49,-0.2,0.51,0
2019-10-31,13.33,13.27,13.38,13.17,372960,525374208.0,1.58,0.08,0.01,0.46,0
2019-11-01,13.22,13.5,13.61,13.18,676384,963224944.0,3.24,1.73,0.23,0.84,0
2019-11-04,13.57,13.55,13.63,13.43,604532,868676560.0,1.48,0.37,0.05,0.75,0
2019-11-05,13.57,13.85,14.02,13.51,1158740,1697206112.0,3.76,2.21,0.3,1.43,0
2019-11-06,13.8,13.77,13.9,13.69,587218,858829456.0,1.52,-0.58,-0.08,0.73,0
2019-11-07,13.67,13.83,13.94,13.62,512610,749249808.0,2.32,0.44,0.06,0.63,0
2019-11-08,13.97,13.39,14.02,13.38,812697,1181393712.0,4.63,-3.18,-0.44,1.0,0
2019-11-11,13.23,13.07,13.33,13.04,779779,1090973248.0,2.17,-2.39,-0.32,0.96,0
2019-11-12,13.07,13.15,13.21,13.02,428123,596862176.0,1.45,0.61,0.08,0.53,0
2019-11-13,13.14,13.13,13.3,13.07,459698,643486688.0,1.75,-0.15,-0.02,0.57,0
2019-11-14,13.13,13.1,13.24,13.05,403635,563396256.0,1.45,-0.23,-0.03,0.5,0
2019-11-15,13.08,12.9,13.14,12.86,527866,728643536.0,2.14,-1.53,-0.2,0.65,0
2019-11-18,12.87,13.12,13.22,12.85,446748,622925616.0,2.87,1.71,0.22,0.55,0
2019-11-19,13.09,13.29,13.29,13.06,423210,592503360.0,1.75,1.3,0.17,0.52,0
2019-11-20,13.28,13.02,13.3,12.96,489322,681362112.0,2.56,-2.03,-0.27,0.6,0
2019-11-21,12.96,13.02,13.11,12.91,276801,382526464.0,1.54,0.0,0.0,0.34,0
2019-11-22,13.03,13.03,13.25,12.94,413497,574520016.0,2.38,0.08,0.01,0.51,0
2019-11-25,13.02,13.1,13.11,12.87,317830,439854304.0,1.84,0.54,0.07,0.39,0
2019-11-26,13.12,13.05,13.21,12.94,414100,573163120.0,2.06,-0.38,-0.05,0.51,0
2019-11-27,12.99,12.88,13.0,12.86,365628,502275248.0,1.07,-1.3,-0.17,0.45,0
2019-11-28,12.88,12.89,12.96,12.85,210827,289197264.0,0.85,0.08,0.01,0.26,0
2019-11-29,12.89,12.91,12.99,12.84,295480,406138416.0,1.16,0.16,0.02,0.37,0
2019-12-02,13.15,13.01,13.2,12.97,587562,818659840.0,1.78,0.77,0.1,0.73,0
2019-12-03,12.94,13.04,13.08,12.9,408352,564010768.0,1.38,0.23,0.03,0.5,0
2019-12-04,12.94,12.93,12.96,12.87,307175,421987920.0,0.69,-0.84,-0.11,0.38,0
2019-12-05,12.98,13.17,13.25,12.97,787394,1100181184.0,2.17,1.86,0.24,0.97,0
2019-12-06,13.16,13.29,13.34,13.15,555263,781181616.0,1.44,0.91,0.12,0.69,0
2019-12-09,13.4,13.35,13.47,13.24,477691,677535568.0,1.73,0.45,0.06,0.59,0
2019-12-10,13.35,13.33,13.37,13.22,330170,466141440.0,1.12,-0.15,-0.02,0.41,0
2019-12-11,13.39,13.35,13.51,13.28,442111,629187392.0,1.73,0.15,0.02,0.55,0
2019-12-12,13.35,13.42,13.49,13.31,454413,647545072.0,1.35,0.52,0.07,0.56,0
2019-12-13,13.77,13.88,14.03,13.59,1401738,2051272000.0,3.28,3.43,0.46,1.73,0
2019-12-16,13.93,14.08,14.21,13.79,1068686,1585490448.0,3.03,1.44,0.2,1.32,0
2019-12-17,14.07,14.32,14.83,14.01,1720401,2620944304.0,5.82,1.7,0.24,2.13,0
2019-12-18,14.26,14.24,14.56,14.22,1035396,1573973040.0,2.37,-0.56,-0.08,1.28,0
2019-12-19,14.27,14.16,14.35,13.99,872246,1305160880.0,2.53,-0.56,-0.08,1.08,0
2019-12-20,14.21,14.15,14.43,14.15,833741,1260254928.0,1.98,-0.07,-0.01,1.03,0
2019-12-23,14.15,13.84,14.31,13.78,760470,1134163792.0,3.75,-2.19,-0.31,0.94,0
2019-12-24,13.93,13.91,13.95,13.75,413183,607301536.0,1.45,0.51,0.07,0.51,0
2019-12-25,13.86,13.87,14.05,13.73,484112,711594704.0,2.3,-0.29,-0.04,0.6,0
2019-12-26,13.9,14.15,14.21,13.84,704711,1044917264.0,2.67,2.02,0.28,0.87,0
2019-12-27,14.08,13.9,14.33,13.89,900652,1350222448.0,3.11,-1.77,-0.25,1.11,0
2019-12-30,13.87,14.83,15.06,13.81,2207076,3403041104.0,8.99,6.69,0.93,2.73,0
2019-12-31,14.67,14.63,14.85,14.43,1117209,1729823616.0,2.83,-1.35,-0.2,1.38,0
2020-01-02,14.92,14.8,15.14,14.72,1434343,2264883936.0,2.87,1.16,0.17,1.77,0
2020-01-03,14.8,14.89,15.02,14.73,808407,1270022064.0,1.96,0.61,0.09,1.0,0
2020-01-06,14.72,14.97,15.14,14.67,1047108,1649972928.0,3.16,0.54,0.08,1.29,0
2020-01-07,14.99,14.92,15.03,14.69,939899,1475286592.0,2.27,-0.33,-0.05,1.16,0
2020-01-08,14.71,14.37,14.77,14.35,1044842,1607420736.0,2.82,-3.69,-0.55,1.29,0
2020-01-09,14.59,14.6,14.74,14.48,691074,1065904224.0,1.81,1.6,0.23,0.85,0
2020-01-10,14.82,14.53,14.9,14.44,734050,1136139600.0,3.15,-0.48,-0.07,0.91,0
2020-01-13,14.5,14.73,14.74,14.25,770608,1181498384.0,3.37,1.38,0.2,0.95,0
2020-01-14,14.76,14.61,14.81,14.59,577888,898140832.0,1.49,-0.81,-0.12,0.71,0
2020-01-15,14.57,14.46,14.68,14.43,454644,697150576.0,1.71,-1.03,-0.15,0.56,0
2020-01-16,14.45,14.37,14.55,14.37,431010,658431936.0,1.24,-0.62,-0.09,0.53,0
2020-01-17,14.46,14.47,14.62,14.37,458437,702683952.0,1.74,0.7,0.1,0.57,0
2020-01-20,14.43,14.66,14.68,14.37,495783,764545808.0,2.14,1.31,0.19,0.61,0
2020-01-21,14.58,14.28,14.62,14.23,777715,1185095520.0,2.66,-2.59,-0.38,0.96,0
2020-01-22,14.22,14.35,14.47,13.93,749331,1127427872.0,3.78,0.49,0.07,0.93,0
2020-01-23,14.12,13.72,14.22,13.63,890558,1314149600.0,4.11,-4.39,-0.63,1.1,0
2020-02-03,12.27,12.27,12.4,12.27,863901,1132083072.0,0.95,-10.57,-1.45,1.07,0
2020-02-04,12.18,12.35,12.45,12.1,1443240,1893518272.0,2.85,0.65,0.08,1.78,0
2020-02-05,12.35,12.47,12.86,12.25,1150805,1533452848.0,4.94,0.97,0.12,1.42,0
2020-02-06,12.44,12.81,12.95,12.34,1112384,1501266480.0,4.89,2.73,0.34,1.37,0
2020-02-07,12.7,12.87,12.96,12.65,724185,986944960.0,2.42,0.47,0.06,0.89,0
2020-02-10,12.78,12.94,13.05,12.72,627860,863220640.0,2.56,0.54,0.07,0.78,0
2020-02-11,13.1,13.04,13.34,13.0,732862,1023394512.0,2.63,0.77,0.1,0.91,0
2020-02-12,12.98,13.17,13.29,12.91,763421,1061860560.0,2.91,1.0,0.13,0.94,0
2020-02-13,13.15,12.93,13.22,12.87,661503,915268880.0,2.66,-1.82,-0.24,0.82,0
2020-02-14,12.9,13.11,13.27,12.88,756690,1055415456.0,3.02,1.39,0.18,0.94,0
2020-02-17,13.45,13.97,14.13,13.39,1644598,2394589984.0,5.64,6.56,0.86,2.03,0
2020-02-18,13.97,13.97,14.09,13.77,895022,1321716832.0,2.29,0.0,0.0,1.11,0
2020-02-19,13.96,13.95,14.32,13.89,1079939,1613209840.0,3.08,-0.14,-0.02,1.33,0
2020-02-20,14.02,14.69,14.8,13.92,1920416,2923303456.0,6.31,5.3,0.74,2.37,0
2020-02-21,14.67,14.57,14.99,14.42,1798236,2787219200.0,3.88,-0.82,-0.12,2.22,0
2020-02-24,14.45,14.53,14.68,14.39,1089562,1673021568.0,1.99,-0.27,-0.04,1.35,0
2020-02-25,14.19,14.44,14.52,13.93,1554941,2341854944.0,4.06,-0.62,-0.09,1.92,0
2020-02-26,14.17,14.43,14.83,14.11,1564198,2403963136.0,4.99,-0.07,-0.01,1.93,0
2020-02-27,14.55,14.28,14.82,14.24,1307156,2005411136.0,4.02,-1.04,-0.15,1.62,0
2020-02-28,13.87,13.38,13.92,13.28,1707809,2463089360.0,4.48,-6.3,-0.9,2.11,0
2020-03-02,13.65,13.96,14.16,13.44,1203524,1765688704.0,5.38,4.33,0.58,1.49,0
2020-03-03,14.23,14.0,14.44,13.86,1122702,1684197248.0,4.15,0.29,0.04,1.39,0
2020-03-04,13.96,14.27,14.27,13.83,1136544,1692438032.0,3.14,1.93,0.27,1.4,0
2020-03-05,14.42,14.64,14.92,14.18,1991438,3066882320.0,5.19,2.59,0.37,2.46,0
2020-03-06,14.42,14.09,14.52,14.07,1319632,1989936864.0,3.07,-3.76,-0.55,1.63,0
2020-03-09,13.77,13.6,13.95,13.43,1346340,1954222880.0,3.69,-3.48,-0.49,1.66,0
2020-03-10,13.53,13.89,14.0,13.45,1103006,1611161296.0,4.04,2.13,0.29,1.36,0
2020-03-11,13.89,13.49,13.89,13.45,1043158,1511565072.0,3.17,-2.88,-0.4,1.29,0
2020-03-12,13.35,13.29,13.49,13.22,737101,1044081264.0,2.0,-1.48,-0.2,0.91,0
2020-03-13,12.62,13.2,13.45,12.47,944401,1303395744.0,7.37,-0.68,-0.09,1.17,0
2020-03-16,13.35,12.47,13.37,12.46,883528,1213612048.0,6.89,-5.53,-0.73,1.09,0
2020-03-17,12.65,12.55,12.86,12.27,728146,974842816.0,4.73,0.64,0.08,0.9,0
2020-03-18,12.68,12.29,12.78,12.27,635699,849617024.0,4.06,-2.07,-0.26,0.79,0
2020-03-19,12.26,12.31,12.45,11.88,977470,1272680704.0,4.64,0.16,0.02,1.21,0
2020-03-20,12.34,12.36,12.41,12.07,657700,862264448.0,2.76,0.41,0.05,0.81,0
2020-03-23,11.83,11.97,12.08,11.78,856583,1094843008.0,2.43,-3.16,-0.39,1.06,0
2020-03-24,12.1,12.04,12.17,11.67,953016,1218363280.0,4.18,0.58,0.07,1.18,0
2020-03-25,12.3,12.19,12.35,12.07,787318,1026509104.0,2.33,1.25,0.15,0.97,0
2020-03-26,12.04,12.02,12.17,12.0,393516,507611264.0,1.39,-1.39,-0.17,0.49,0
2020-03-27,12.17,12.12,12.44,12.07,646255,844003472.0,3.08,0.83,0.1,0.8,0
2020-03-30,11.96,12.05,12.11,11.87,450887,577690464.0,1.98,-0.58,-0.07,0.56,0
2020-03-31,12.19,12.01,12.24,12.0,362483,468933680.0,1.99,-0.33,-0.04,0.45,0
2020-04-01,12.0,12.03,12.29,11.97,430703,557298112.0,2.66,0.17,0.02,0.53,0
2020-04-02,12.02,12.24,12.24,11.97,374957,486049232.0,2.24,1.75,0.21,0.46,0
2020-04-03,12.17,12.06,12.17,12.01,346779,447954256.0,1.31,-1.47,-0.18,0.43,0
2020-04-07,12.28,12.32,12.37,12.17,722702,946339264.0,1.66,2.16,0.26,0.89,0
2020-04-08,12.22,12.27,12.32,12.18,373982,488980752.0,1.14,-0.41,-0.05,0.46,0
2020-04-09,12.34,12.29,12.48,12.27,534279,705462448.0,1.71,0.16,0.02,0.66,0
2020-04-10,12.32,12.05,12.32,12.02,505443,656202640.0,2.44,-1.95,-0.24,0.62,0
2020-04-13,11.98,11.88,12.04,11.81,365075,465265024.0,1.91,-1.41,-0.17,0.45,0
2020-04-14,11.92,12.2,12.32,11.85,579953,748330144.0,3.96,2.69,0.32,0.72,0
2020-04-15,12.1,12.09,12.33,12.07,520642,676900208.0,2.13,-0.9,-0.11,0.64,0
2020-04-16,12.0,12.26,12.38,11.97,701748,917704352.0,3.39,1.41,0.17,0.87,0
2020-04-17,12.34,12.24,12.36,12.19,550715,722326432.0,1.39,-0.16,-0.02,0.68,0
2020-04-20,12.24,12.25,12.29,12.18,349989,457721536.0,0.9,0.08,0.01,0.43,0
2020-04-21,12.2,12.09,12.22,12.03,430979,557658272.0,1.55,-1.31,-0.16,0.53,0
2020-04-22,12.02,12.04,12.09,11.97,349963,449851280.0,0.99,-0.41,-0.05,0.43,0
2020-04-23,12.07,11.97,12.13,11.93,370844,475648736.0,1.66,-0.58,-0.07,0.46,0
2020-04-24,11.95,11.78,12.01,11.75,358438,454392736.0,2.17,-1.59,-0.19,0.44,0
2020-04-27,11.77,11.74,11.89,11.73,306528,387141568.0,1.36,-0.34,-0.04,0.38,0
2020-04-28,11.86,11.82,11.9,11.57,402790,508894464.0,2.81,0.68,0.08,0.5,0
2020-04-29,11.76,11.8,11.88,11.73,264165,333771088.0,1.27,-0.17,-0.02,0.33,0
2020-04-30,11.85,12.06,12.1,11.84,529039,678977760.0,2.2,2.2,0.26,0.65,0
2020-05-06,11.83,12.0,12.02,11.77,510374,648081200.0,2.07,-0.5,-0.06,0.63,0
2020-05-07,11.97,11.84,12.01,11.83,471146,599630400.0,1.5,-1.33,-0.16,0.58,0
2020-05-08,11.97,12.09,12.17,11.91,733415,945077136.0,2.2,2.11,0.25,0.91,0
2020-05-11,12.08,11.94,12.15,11.89,509351,654464336.0,2.15,-1.24,-0.15,0.63,0
2020-05-12,12.03,11.91,12.07,11.85,395112,504353392.0,1.84,-0.25,-0.03,0.49,0
2020-05-13,11.86,11.88,11.93,11.82,304267,386222896.0,0.92,-0.25,-0.03,0.38,0
2020-05-14,11.82,11.71,11.86,11.69,364574,459148832.0,1.43,-1.43,-0.17,0.45,0
2020-05-15,11.75,11.69,11.81,11.68,263622,331206592.0,1.11,-0.17,-0.02,0.33,0
2020-05-18,11.68,11.59,11.74,11.58,419658,524061568.0,1.37,-0.86,-0.1,0.52,0
2020-05-19,11.71,11.64,11.73,11.59,297772,371600832.0,1.21,0.43,0.05,0.37,0
2020-05-20,11.62,11.61,11.68,11.57,270895,337082672.0,0.95,-0.26,-0.03,0.33,0
2020-05-21,11.65,11.39,11.66,11.37,404089,498949328.0,2.5,-1.89,-0.22,0.5,0
2020-05-22,11.38,10.98,11.39,10.95,710963,849412640.0,3.86,-3.6,-0.41,0.88,0
2020-05-25,10.97,10.78,11.05,10.74,385551,451386224.0,2.82,-1.82,-0.2,0.48,0
2020-05-26,10.84,10.87,10.9,10.78,355712,415352240.0,1.11,0.83,0.09,0.44,0
2020-05-27,10.86,10.66,10.86,10.62,458314,528992288.0,2.21,-1.93,-0.21,0.57,0
2020-05-28,10.66,10.79,10.97,10.65,541712,631134080.0,3.0,1.22,0.13,0.67,0
2020-05-29,10.73,10.72,10.84,10.72,291831,338455168.0,1.11,-0.65,-0.07,0.36,0
2020-06-01,10.96,11.19,11.26,10.96,855636,1024478992.0,2.8,4.38,0.47,1.06,0
2020-06-02,11.22,11.24,11.32,11.17,461295,557792272.0,1.34,0.45,0.05,0.57,0
2020-06-03,11.28,11.1,11.37,11.07,454405,548856064.0,2.67,-1.25,-0.14,0.56,0
2020-06-04,11.15,11.03,11.2,10.98,324862,386045936.0,1.98,-0.63,-0.07,0.4,0
2020-06-05,11.09,11.22,11.23,11.03,416343,498018608.0,1.81,1.72,0.19,0.51,0
2020-06-08,11.25,11.16,11.31,11.13,384360,463401408.0,1.6,-0.53,-0.06,0.47,0
2020-06-09,11.17,11.25,11.34,11.12,455015,549705344.0,1.97,0.81,0.09,0.56,0
2020-06-10,11.25,11.06,11.25,11.02,472469,563446752.0,2.04,-1.69,-0.19,0.58,0
2020-06-11,11.07,10.99,11.18,10.98,447938,532073424.0,1.81,-0.63,-0.07,0.55,0
2020-06-12,10.82,10.9,10.95,10.79,445381,521422848.0,1.46,-0.82,-0.09,0.55,0
2020-06-15,10.9,10.9,11.12,10.9,454836,538336496.0,2.02,0.0,0.0,0.56,0
2020-06-16,10.98,11.0,11.08,10.93,335338,395998688.0,1.38,0.92,0.1,0.41,0
2020-06-17,10.99,10.92,10.99,10.87,356180,418406784.0,1.09,-0.73,-0.08,0.44,0
2020-06-18,10.9,11.08,11.15,10.88,511049,606159824.0,2.47,1.47,0.16,0.63,0
2020-06-19,11.1,11.43,11.57,11.04,1289699,1568219088.0,4.78,3.16,0.35,1.59,0
2020-06-22,11.42,11.79,12.22,11.37,1847055,2353004048.0,7.44,3.15,0.36,2.28,0
2020-06-23,11.74,11.91,12.04,11.68,1014321,1287225872.0,3.05,1.02,0.12,1.25,0
2020-06-24,11.95,12.04,12.21,11.89,1095071,1412430256.0,2.69,1.09,0.13,1.35,0
2020-06-29,11.8,11.42,11.87,11.37,1187198,1467741584.0,4.15,-5.15,-0.62,1.47,0
2020-06-30,11.5,11.75,11.86,11.4,987385,1229612384.0,4.03,2.89,0.33,1.22,0
2020-07-01,11.75,12.07,12.07,11.65,1085080,1376632464.0,3.57,2.72,0.32,1.34,0
2020-07-02,12.06,12.99,13.16,11.99,2492548,3356740000.0,9.69,7.62,0.92,3.08,0
2020-07-03,13.29,13.98,14.08,13.08,3527378,5095064320.0,7.7,7.62,0.99,4.36,0
2020-07-06,14.47,15.46,15.46,14.27,4349384,6908712448.0,8.51,10.59,1.48,5.37,0
2020-07-07,15.72,14.95,15.76,14.67,3100902,4983373312.0,7.05,-3.3,-0.51,3.83,0
2020-07-08,14.95,15.9,16.42,14.95,3129998,5141016320.0,9.83,6.35,0.95,3.87,0
2020-07-09,15.42,15.47,15.83,15.23,2732587,4456092416.0,3.77,-2.7,-0.43,3.38,0
2020-07-10,15.19,14.77,15.32,14.76,2119183,3359998576.0,3.62,-4.52,-0.7,2.62,0
2020-07-13,14.6,15.12,15.42,14.58,2045588,3242434368.0,5.69,2.37,0.35,2.53,0
2020-07-14,15.03,15.07,15.23,14.77,1513640,2398352384.0,3.04,-0.33,-0.05,1.87,0
2020-07-15,15.28,14.8,15.41,14.58,1592073,2523204288.0,5.51,-1.79,-0.27,1.97,0
2020-07-16,14.84,13.77,15.07,13.71,2235479,3405294064.0,9.19,-6.96,-1.03,2.76,0
2020-07-17,13.97,13.35,14.05,13.2,1688954,2423681984.0,6.17,-3.05,-0.42,2.09,0
2020-07-20,13.64,13.92,14.13,13.45,1711698,2498057840.0,5.09,4.27,0.57,2.12,0
2020-07-21,13.92,13.61,13.92,13.45,1108479,1605094608.0,3.38,-2.23,-0.31,1.37,0
2020-07-22,13.65,13.77,14.27,13.55,1679962,2481163584.0,5.29,1.18,0.16,2.08,0
2020-07-23,13.6,13.68,13.83,13.27,1356727,1949374912.0,4.07,-0.65,-0.09,1.68,0
2020-07-24,13.57,12.97,13.72,12.79,1464628,2059873584.0,6.8,-5.19,-0.71,1.81,0
2020-07-27,13.06,12.9,13.11,12.75,786547,1082156432.0,2.78,-0.54,-0.07,0.97,0
2020-07-28,13.05,12.91,13.09,12.77,641023,881777984.0,2.48,0.08,0.01,0.79,0
2020-07-29,12.9,13.34,13.43,12.84,1136995,1599391088.0,4.57,3.33,0.43,1.41,0
2020-07-30,13.37,13.17,13.39,13.1,738658,1038709600.0,2.17,-1.27,-0.17,0.91,0
2020-07-31,13.14,13.27,13.55,13.06,1140268,1611420032.0,3.72,0.76,0.1,1.41,0
2020-08-03,13.47,13.92,13.99,13.32,1420408,2051363120.0,5.05,4.9,0.65,1.76,0
2020-08-04,13.97,13.79,14.0,13.66,1077826,1578440288.0,2.44,-0.93,-0.13,1.33,0
2020-08-05,13.79,13.58,13.79,13.48,838441,1209784928.0,2.25,-1.52,-0.21,1.04,0
2020-08-06,13.62,13.96,14.12,13.35,1291371,1871849920.0,5.67,2.8,0.38,1.6,0
2020-08-07,13.91,13.63,13.99,13.42,1412896,2054036528.0,4.08,-2.36,-0.33,1.75,0
2020-08-10,13.56,14.23,14.48,13.51,2369270,3545545712.0,7.12,4.4,0.6,2.93,0
2020-08-11,14.22,13.71,14.51,13.71,1928985,2900286160.0,5.62,-3.65,-0.52,2.38,0
2020-08-12,13.68,14.11,14.12,13.54,1779411,2613186304.0,4.23,2.92,0.4,2.2,0
2020-08-13,14.15,14.47,14.67,13.89,2017644,3081256032.0,5.53,2.55,0.36,2.49,0
2020-08-14,14.28,14.56,14.59,14.14,1308926,1993340320.0,3.11,0.62,0.09,1.62,0
2020-08-17,14.76,14.97,15.66,14.6,2741102,4361845248.0,7.28,2.82,0.41,3.39,0
2020-08-18,14.99,14.78,15.05,14.68,1283229,2011449616.0,2.47,-1.27,-0.19,1.59,0
2020-08-19,14.77,14.33,14.85,14.32,1178248,1811275296.0,3.59,-3.04,-0.45,1.46,0
2020-08-20,14.22,14.15,14.33,14.07,782156,1173703264.0,1.81,-1.26,-0.18,0.97,0
2020-08-21,14.28,14.49,14.51,14.22,807490,1224987280.0,2.05,2.4,0.34,1.0,0
2020-08-24,14.49,14.37,14.6,14.35,589279,902265312.0,1.73,-0.83,-0.12,0.73,0
2020-08-25,14.45,14.25,14.59,14.23,641692,975911216.0,2.51,-0.84,-0.12,0.79,0
2020-08-26,14.22,13.81,14.43,13.81,902106,1343438576.0,4.35,-3.09,-0.44,1.11,0
2020-08-27,13.83,13.87,13.98,13.75,503038,739093152.0,1.67,0.43,0.06,0.62,0
2020-08-28,13.87,14.33,14.4,13.8,805468,1205230496.0,4.33,3.32,0.46,1.0,0
2020-08-31,14.37,14.34,14.76,14.21,1084567,1666410208.0,3.84,0.07,0.01,1.34,0
2020-09-01,14.26,14.34,14.4,14.15,551656,833520368.0,1.74,0.0,0.0,0.68,0
2020-09-02,14.35,14.12,14.39,13.97,701063,1051645504.0,2.93,-1.53,-0.22,0.87,0
2020-09-03,14.13,14.01,14.29,13.96,526603,785836400.0,2.34,-0.78,-0.11,0.65,0
2020-09-04,13.7,13.84,13.95,13.7,489597,717754224.0,1.78,-1.21,-0.17,0.61,0
2020-09-07,13.82,13.5,13.94,13.5,578299,842927936.0,3.18,-2.46,-0.34,0.71,0
2020-09-08,13.62,13.97,14.1,13.55,756393,1110465680.0,4.07,3.48,0.47,0.93,0
2020-09-09,13.78,13.66,13.92,13.57,609667,887201136.0,2.51,-2.22,-0.31,0.75,0
2020-09-10,13.77,13.43,13.85,13.42,677480,977150448.0,3.15,-1.68,-0.23,0.84,0
2020-09-11,13.41,13.49,13.54,13.27,382987,546043728.0,2.01,0.45,0.06,0.47,0
2020-09-14,13.55,13.49,13.56,13.37,335290,479216384.0,1.41,0.0,0.0,0.41,0
2020-09-15,13.43,13.47,13.61,13.42,339640,485832112.0,1.41,-0.15,-0.02,0.42,0
2020-09-16,13.48,13.47,13.61,13.39,399952,573080480.0,1.63,0.0,0.0,0.49,0
2020-09-17,13.39,13.31,13.43,13.16,448891,634347408.0,2.0,-1.19,-0.16,0.55,0
2020-09-18,13.31,13.78,13.9,13.27,915054,1324099344.0,4.73,3.53,0.47,1.13,0
2020-09-21,13.99,13.76,14.11,13.74,735089,1082413056.0,2.69,-0.15,-0.02,0.91,0
2020-09-22,13.66,13.55,14.08,13.53,787557,1150580816.0,4.0,-1.53,-0.21,0.97,0
2020-09-23,13.6,13.46,13.64,13.4,401652,575595680.0,1.77,-0.66,-0.09,0.5,0
2020-09-24,13.46,13.3,13.55,13.28,440473,625359936.0,2.01,-1.19,-0.16,0.54,0
2020-09-25,13.35,13.56,13.72,13.32,610232,876039632.0,3.01,1.95,0.26,0.75,0
2020-09-28,13.43,13.64,13.76,13.43,512216,741547648.0,2.43,0.59,0.08,0.63,0
2020-09-29,13.7,13.6,13.79,13.56,438668,635984720.0,1.69,-0.29,-0.04,0.54,0
2020-09-30,13.63,13.32,13.67,13.26,430691,614241952.0,3.01,-2.06,-0.28,0.53,0
2020-10-09,13.53,13.57,13.65,13.49,372519,536676128.0,1.2,1.88,0.25,0.46,0
2020-10-12,13.66,14.17,14.27,13.66,1059217,1575532304.0,4.5,4.42,0.6,1.31,0
2020-10-13,14.07,14.18,14.19,13.95,561648,835336112.0,1.69,0.07,0.01,0.69,0
2020-10-14,14.08,14.03,14.13,13.95,443785,658646000.0,1.27,-1.06,-0.15,0.55,0
2020-10-15,14.1,13.99,14.25,13.98,419243,624648000.0,1.92,-0.29,-0.04,0.52,0
2020-10-16,14.0,13.96,14.1,13.92,481620,714304992.0,1.29,-0.21,-0.03,0.6,0
2020-10-19,14.03,13.88,14.31,13.88,604223,899818496.0,3.08,-0.57,-0.08,0.75,0
2020-10-20,13.85,13.92,13.92,13.75,342252,502118064.0,1.22,0.29,0.04,0.42,0
2020-10-21,13.87,13.89,13.97,13.78,325958,478345520.0,1.36,-0.22,-0.03,0.4,0
2020-10-22,13.84,14.0,14.12,13.8,387904,572560928.0,2.3,0.79,0.11,0.48,0
2020-10-23,13.98,13.89,14.15,13.88,405388,602035296.0,1.93,-0.79,-0.11,0.5,0
2020-10-26,13.77,13.45,13.87,13.36,582815,837611568.0,3.67,-3.17,-0.44,0.72,0
2020-10-27,13.45,13.34,13.49,13.27,406420,577057408.0,1.64,-0.82,-0.11,0.5,0
2020-10-28,13.37,13.5,13.54,13.28,344675,491119616.0,1.95,1.2,0.16,0.43,0
2020-10-29,13.34,13.58,13.68,13.28,469253,671673920.0,2.96,0.59,0.08,0.58,0
2020-10-30,13.54,13.21,13.65,13.19,433034,616094288.0,3.39,-2.72,-0.37,0.54,0
2020-11-02,13.21,13.16,13.42,13.04,485943,683435600.0,2.88,-0.38,-0.05,0.6,0
2020-11-03,13.18,13.41,13.52,13.17,454917,646545216.0,2.66,1.9,0.25,0.56,0
2020-11-04,13.42,13.38,13.46,13.23,334304,474034160.0,1.72,-0.22,-0.03,0.41,0
2020-11-05,13.57,13.45,13.64,13.38,452340,647582640.0,1.94,0.52,0.07,0.56,0
2020-11-06,13.48,13.39,13.57,13.26,531333,757803248.0,2.3,-0.45,-0.06,0.66,0
2020-11-09,13.51,13.85,14.05,13.48,1000799,1464431216.0,4.26,3.44,0.46,1.24,0
2020-11-10,13.9,13.83,13.95,13.74,646792,949675552.0,1.52,-0.14,-0.02,0.8,0
2020-11-11,13.85,13.62,13.91,13.59,520932,757417696.0,2.31,-1.52,-0.21,0.64,0
2020-11-12,13.61,13.36,13.68,13.33,522663,745516160.0,2.57,-1.91,-0.26,0.65,0
2020-11-13,13.33,13.1,13.33,13.05,704769,984466720.0,2.1,-1.95,-0.26,0.87,0
2020-11-16,13.17,13.18,13.23,13.08,532626,744535904.0,1.15,0.61,0.08,0.66,0
2020-11-17,13.16,13.11,13.19,13.04,367612,511808864.0,1.14,-0.53,-0.07,0.45,0
2020-11-18,13.13,13.19,13.31,13.12,544959,765807200.0,1.45,0.61,0.08,0.67,0
2020-11-19,12.58,12.3,12.59,11.98,2025153,2663018048.0,4.62,-6.75,-0.89,2.5,0
2020-11-20,12.34,12.41,12.44,12.24,692730,912062128.0,1.63,0.89,0.11,0.86,0
2020-11-23,12.37,12.73,12.91,12.26,1014042,1366932976.0,5.24,2.58,0.32,1.25,0
2020-11-24,12.69,12.77,12.91,12.69,534931,727994272.0,1.73,0.31,0.04,0.66,0
2020-11-25,12.87,12.63,12.96,12.61,483605,657036928.0,2.74,-1.1,-0.14,0.6,0
2020-11-26,12.6,12.72,12.76,12.59,345399,466154080.0,1.35,0.71,0.09,0.43,0
2020-11-27,12.83,13.01,13.05,12.7,521553,698404896.0,2.75,2.28,0.29,0.64,0
2020-11-30,13.11,12.95,13.39,12.95,1069310,1470874976.0,3.38,-0.46,-0.06,1.32,0
2020-12-01,12.96,13.21,13.31,12.86,1020814,1392569008.0,3.47,2.01,0.26,1.26,0
2020-12-02,13.2,13.16,13.4,13.07,878897,1208191440.0,2.5,-0.38,-0.05,1.09,0
2020-12-03,13.2,13.09,13.25,13.02,734116,1003445344.0,1.75,-0.53,-0.07,0.91,0
2020-12-04,13.07,12.89,13.08,12.83,563268,757720016.0,1.91,-1.53,-0.2,0.7,0
2020-12-07,12.91,12.78,12.95,12.75,464945,621875568.0,1.55,-0.85,-0.11,0.57,0
2020-12-08,12.77,12.69,12.86,12.68,468721,623771840.0,1.41,-0.7,-0.09,0.58,0
2020-12-09,12.7,12.41,12.74,12.39,774874,1018435072.0,2.76,-2.21,-0.28,0.96,0
2020-12-10,12.4,12.2,12.44,12.12,895032,1147807840.0,2.58,-1.69,-0.21,1.11,0
2020-12-11,12.24,12.02,12.24,11.7,1364275,1701450336.0,4.43,-1.48,-0.18,1.69,0
2020-12-14,11.95,11.99,12.01,11.84,675586,842341376.0,1.41,-0.25,-0.03,0.83,0
2020-12-15,11.95,11.96,11.99,11.86,461575,575431616.0,1.08,-0.25,-0.03,0.57,0
2020-12-16,11.98,11.94,12.08,11.93,450898,565138784.0,1.25,-0.17,-0.02,0.56,0
2020-12-17,11.93,12.2,12.23,11.88,572270,722644672.0,2.93,2.18,0.26,0.71,0
2020-12-18,12.15,12.17,12.26,12.08,409174,520551760.0,1.48,-0.25,-0.03,0.51,0
2020-12-21,12.15,12.19,12.33,12.07,450771,574907792.0,2.14,0.16,0.02,0.56,0
2020-12-22,12.16,11.92,12.17,11.9,563564,708905952.0,2.21,-2.21,-0.27,0.7,0
2020-12-23,11.94,12.03,12.1,11.92,351146,440701424.0,1.51,0.92,0.11,0.43,0
2020-12-24,12.08,12.04,12.17,11.94,302151,379987328.0,1.91,0.08,0.01,0.37,0
2020-12-25,12.0,12.1,12.26,11.98,507307,643502384.0,2.33,0.5,0.06,0.63,0
2020-12-28,12.09,11.99,12.18,11.98,431663,545158624.0,1.65,-0.91,-0.11,0.53,0
2020-12-29,12.05,11.91,12.19,11.86,503168,633051488.0,2.75,-0.67,-0.08,0.62,0
2020-12-30,11.88,11.94,11.97,11.79,570829,709862656.0,1.51,0.25,0.03,0.71,0
2020-12-31,11.98,12.31,12.48,11.95,1145404,1467561856.0,4.44,3.1,0.37,1.42,0
2021-01-04,12.34,12.41,12.43,12.17,903832,1162657856.0,2.11,0.81,0.1,1.12,0
2021-01-05,12.3,12.33,12.4,12.19,815432,1047425264.0,1.69,-0.64,-0.08,1.01,0
2021-01-06,12.35,12.34,12.51,12.23,836081,1079006144.0,2.27,0.08,0.01,1.03,0
2021-01-07,12.38,12.31,12.42,12.05,854782,1093492912.0,3.0,-0.24,-0.03,1.06,0
2021-01-08,12.33,12.38,12.48,12.25,749292,968390336.0,1.87,0.57,0.07,0.93,0
2021-01-11,12.38,12.1,12.45,12.1,764228,979838016.0,2.83,-2.26,-0.28,0.94,0
2021-01-12,12.06,12.84,12.98,11.92,2183600,2851196592.0,8.76,6.12,0.74,2.7,0
2021-01-13,12.73,12.46,12.73,12.38,1114068,1457744592.0,2.73,-2.96,-0.38,1.38,0
2021-01-14,12.4,12.28,12.46,12.27,652394,840618208.0,1.52,-1.44,-0.18,0.81,0
2021-01-15,12.25,12.29,12.5,12.22,591780,763024144.0,2.28,0.08,0.01,0.73,0
2021-01-18,12.27,12.31,12.47,12.23,586132,755701424.0,1.95,0.16,0.02,0.72,0
2021-01-19,12.3,12.24,12.5,12.23,795511,1025061936.0,2.19,-0.57,-0.07,0.98,0
2021-01-20,12.25,12.12,12.33,12.1,671900,856541184.0,1.88,-0.98,-0.12,0.83,0
2021-01-21,12.12,12.11,12.3,12.02,900964,1143729200.0,2.31,-0.08,-0.01,1.11,0
2021-01-22,12.05,11.91,12.12,11.87,791495,990699120.0,2.06,-1.65,-0.2,0.98,0
2021-01-25,11.91,11.76,11.96,11.71,716383,884950304.0,2.1,-1.26,-0.15,0.89,0
2021-01-26,11.71,11.8,11.88,11.7,533555,656604048.0,1.53,0.34,0.04,0.66,0
2021-01-27,11.84,11.71,11.84,11.66,463058,568929632.0,1.53,-0.76,-0.09,0.57,0
2021-01-28,11.65,11.72,11.76,11.6,465674,569642720.0,1.37,0.09,0.01,0.58,0
2021-01-29,11.75,11.71,11.8,11.58,467282,571188096.0,1.88,-0.09,-0.01,0.58,0
2021-02-01,11.69,11.62,11.73,11.5,366624,445977376.0,1.96,-0.77,-0.09,0.45,0
2021-02-02,11.62,11.66,11.73,11.59,385405,469699408.0,1.2,0.34,0.04,0.48,0
2021-02-03,11.69,11.57,11.7,11.56,378805,460805088.0,1.2,-0.77,-0.09,0.47,0
2021-02-04,11.54,11.38,11.6,11.3,520800,623275200.0,2.59,-1.64,-0.19,0.64,0
2021-02-05,11.36,11.37,11.43,11.31,433502,516655536.0,1.05,-0.09,-0.01,0.51,0
2021-02-08,11.36,11.28,11.42,11.24,663259,785770656.0,1.58,-0.79,-0.09,0.78,0
2021-02-09,11.3,11.39,11.49,11.18,604182,717327824.0,2.75,0.98,0.11,0.71,0
2021-02-10,11.42,11.42,11.49,11.26,829434,989282912.0,2.02,0.26,0.03,0.98,0
2021-02-18,11.63,11.53,11.69,11.51,543747,659601904.0,1.58,0.96,0.11,0.64,0
2021-02-19,11.52,11.78,11.82,11.5,838407,1026609216.0,2.78,2.17,0.25,0.99,0
2021-02-22,11.84,11.65,11.98,11.65,864438,1071989488.0,2.8,-1.1,-0.13,1.02,0
2021-02-23,11.67,11.59,11.78,11.56,549420,670634256.0,1.89,-0.52,-0.06,0.65,0
2021-02-24,11.62,11.62,11.77,11.51,640299,781649584.0,2.24,0.26,0.03,0.75,0
2021-02-25,11.67,11.75,11.83,11.56,679728,834322768.0,2.32,1.12,0.13,0.8,0
2021-02-26,11.61,11.54,11.73,11.52,632694,769705024.0,1.79,-1.79,-0.21,0.75,0
2021-03-01,11.59,11.47,11.64,11.38,596286,718060752.0,2.25,-0.61,-0.07,0.7,0
2021-03-02,11.51,11.39,11.52,11.36,419728,503187360.0,1.39,-0.7,-0.08,0.49,0
2021-03-03,11.38,11.58,11.61,11.37,502707,606641664.0,2.11,1.67,0.19,0.59,0
2021-03-04,11.53,11.42,11.61,11.4,494865,595611376.0,1.81,-1.38,-0.16,0.58,0
2021-03-05,11.36,11.57,11.65,11.34,670562,811252128.0,2.71,1.31,0.15,0.79,0
2021-03-08,11.67,11.41,11.69,11.41,657083,794994352.0,2.42,-1.38,-0.16,0.77,0
2021-03-09,11.4,11.28,11.49,11.18,556921,662437296.0,2.72,-1.14,-0.13,0.66,0
2021-03-10,11.34,11.17,11.38,11.15,442762,520934272.0,2.04,-0.98,-0.11,0.52,0
2021-03-11,11.18,11.26,11.29,11.16,389418,459073808.0,1.16,0.81,0.09,0.46,0
2021-03-12,11.25,11.32,11.44,11.13,569826,671998448.0,2.75,0.53,0.06,0.67,0
2021-03-15,11.23,11.22,11.29,11.17,374259,440595200.0,1.06,-0.88,-0.1,0.44,0
2021-03-16,11.22,11.28,11.29,11.2,302017,356503024.0,0.8,0.53,0.06,0.36,0
2021-03-17,11.27,11.26,11.29,11.18,378989,446585616.0,0.98,-0.18,-0.02,0.45,0
2021-03-18,11.27,11.28,11.32,11.24,358719,424070160.0,0.71,0.18,0.02,0.42,0
2021-03-19,11.23,11.16,11.25,11.14,328935,386157232.0,0.98,-1.06,-0.12,0.39,0
2021-03-22,11.15,11.31,11.34,11.15,423828,500415824.0,1.7,1.34,0.15,0.5,0
2021-03-23,11.29,11.35,11.43,11.26,483588,574763152.0,1.5,0.35,0.04,0.57,0
2021-03-24,11.34,11.37,11.59,11.3,663347,794774592.0,2.56,0.18,0.02,0.78,0
2021-03-25,11.13,10.54,11.13,10.48,1638121,1844712560.0,5.72,-7.3,-0.83,1.93,0
2021-03-26,10.54,10.54,10.59,10.43,660360,730554272.0,1.52,0.0,0.0,0.78,0
2021-03-29,10.49,10.6,10.63,10.46,465285,516964000.0,1.61,0.57,0.06,0.55,0
2021-03-30,10.57,10.54,10.59,10.52,335457,372240912.0,0.66,-0.57,-0.06,0.4,0
2021-03-31,10.51,10.52,10.56,10.49,319467,353542928.0,0.66,-0.19,-0.02,0.38,0
2021-04-01,10.51,10.56,10.57,10.49,287791,318909616.0,0.76,0.38,0.04,0.34,0
2021-04-02,10.57,10.5,10.57,10.49,396233,438762944.0,0.76,-0.57,-0.06,0.47,0
2021-04-06,10.55,10.54,10.56,10.52,313862,348218224.0,0.38,0.38,0.04,0.37,0
2021-04-07,10.52,10.55,10.6,10.51,364885,404893936.0,0.85,0.09,0.01,0.43,0
2021-04-08,10.52,10.54,10.62,10.51,412403,458681440.0,1.04,-0.09,-0.01,0.49,0
2021-04-09,10.54,10.52,10.55,10.5,249674,276341760.0,0.47,-0.19,-0.02,0.29,0
2021-04-12,10.48,10.39,10.54,10.39,368045,405936960.0,1.43,-1.24,-0.13,0.43,0
2021-04-13,10.37,10.27,10.41,10.17,407804,441722048.0,2.31,-1.15,-0.12,0.48,0
2021-04-14,10.27,10.38,10.39,10.25,270470,294531584.0,1.36,1.07,0.11,0.32,0
2021-04-15,10.34,10.24,10.35,10.19,249042,268878832.0,1.54,-1.35,-0.14,0.29,0
2021-04-16,10.25,10.33,10.35,10.24,229254,248820378.0,1.07,0.88,0.09,0.27,0
2021-04-19,10.31,10.55,10.57,10.28,447197,492216368.0,2.81,2.13,0.22,0.53,0
2021-04-20,10.51,10.43,10.57,10.4,273441,301636080.0,1.61,-1.14,-0.12,0.32,0
2021-04-21,10.38,10.35,10.44,10.35,171311,187386248.0,0.86,-0.77,-0.08,0.2,0
2021-04-22,10.39,10.36,10.46,10.33,240538,263170967.0,1.26,0.1,0.01,0.28,0
2021-04-23,10.34,10.29,10.36,10.25,231485,251123440.0,1.06,-0.68,-0.07,0.27,0
2021-04-26,10.31,10.19,10.36,10.18,319679,346014480.0,1.75,-0.97,-0.1,0.38,0
2021-04-27,10.18,10.14,10.21,10.11,281205,301267456.0,0.98,-0.49,-0.05,0.33,0
2021-04-28,10.13,10.09,10.14,10.07,251605,268044476.0,0.69,-0.49,-0.05,0.3,0
2021-04-29,10.22,10.52,10.62,10.22,993450,1096880304.0,3.96,4.26,0.43,1.17,0
2021-04-30,10.46,10.52,10.6,10.43,567288,628162112.0,1.62,0.0,0.0,0.67,0
2021-05-06,10.58,10.55,10.7,10.54,481896,537815680.0,1.52,0.29,0.03,0.57,0
2021-05-07,10.53,10.53,10.6,10.48,410210,455484848.0,1.14,-0.19,-0.02,0.48,0
2021-05-10,10.44,10.44,10.47,10.36,395143,432886080.0,1.04,-0.85,-0.09,0.47,0
2021-05-11,10.4,10.62,10.65,10.38,432406,479408848.0,2.59,1.72,0.18,0.51,0
2021-05-12,10.6,10.59,10.66,10.51,283313,315573120.0,1.41,-0.28,-0.03,0.33,0
2021-05-13,10.5,10.56,10.64,10.49,256768,285616192.0,1.42,-0.28,-0.03,0.3,0
2021-05-14,10.6,11.08,11.11,10.54,1374120,1569621936.0,5.4,4.92,0.52,1.62,0
2021-05-17,10.91,10.77,10.98,10.74,803903,916044640.0,2.17,-2.8,-0.31,0.95,0
2021-05-18,10.78,10.81,10.88,10.75,337331,383399472.0,1.21,0.37,0.04,0.4,0
2021-05-19,10.81,10.68,10.83,10.66,375093,422921040.0,1.57,-1.2,-0.13,0.44,0
2021-05-20,10.63,10.74,10.83,10.6,420692,474583152.0,2.15,0.56,0.06,0.5,0
2021-05-21,10.74,10.68,10.83,10.66,355367,401847968.0,1.58,-0.56,-0.06,0.42,0
2021-05-24,10.69,10.83,10.94,10.69,501649,571919264.0,2.34,1.4,0.15,0.59,0
2021-05-25,10.84,11.13,11.21,10.81,1083660,1262676640.0,3.69,2.77,0.3,1.28,0
2021-05-26,11.17,11.09,11.29,11.06,861089,1009329856.0,2.07,-0.36,-0.04,1.02,0
2021-05-27,11.04,11.05,11.15,10.96,617914,716276992.0,1.71,-0.36,-0.04,0.73,0
2021-05-28,11.04,11.2,11.35,11.01,856816,1003988176.0,3.08,1.36,0.15,1.01,0
2021-05-31,11.15,11.15,11.2,11.06,517529,604457760.0,1.25,-0.45,-0.05,0.61,0
2021-06-01,11.1,11.16,11.25,11.09,654007,766056704.0,1.43,0.09,0.01,0.77,0
2021-06-02,11.15,10.99,11.27,10.97,454680,529306656.0,2.69,-1.52,-0.17,0.54,0
2021-06-03,10.99,11.04,11.16,10.98,433307,504551680.0,1.64,0.45,0.05,0.51,0
2021-06-04,11.01,11.1,11.32,10.97,625371,730565360.0,3.17,0.54,0.06,0.74,0
2021-06-07,11.11,11.14,11.21,11.06,375107,437901776.0,1.35,0.36,0.04,0.44,0
2021-06-08,11.11,11.14,11.24,11.09,415573,486737264.0,1.35,0.0,0.0,0.49,0
2021-06-09,11.17,11.2,11.24,11.12,429400,504106032.0,1.08,0.54,0.06,0.51,0
2021-06-10,11.21,11.35,11.43,11.16,753609,894788528.0,2.41,1.34,0.15,0.89,0
2021-06-11,11.35,11.37,11.66,11.28,1203769,1448453776.0,3.35,0.18,0.02,1.42,0
2021-06-15,11.35,11.15,11.47,11.12,653827,772152704.0,3.08,-1.93,-0.22,0.77,0
2021-06-16,11.13,11.16,11.28,11.11,437636,513784112.0,1.52,0.09,0.01,0.52,0
2021-06-17,11.18,11.03,11.24,10.99,352555,410426368.0,2.24,-1.16,-0.13,0.42,0
2021-06-18,11.0,10.99,11.11,10.93,385305,445049136.0,1.63,-0.36,-0.04,0.45,0
2021-06-21,10.99,11.07,11.11,10.99,309654,359117264.0,1.09,0.73,0.08,0.37,0
2021-06-22,11.11,10.98,11.21,10.91,386678,448487888.0,2.71,-0.81,-0.09,0.46,0
2021-06-23,10.97,11.04,11.08,10.95,346791,400791312.0,1.18,0.55,0.06,0.41,0
2021-06-24,11.05,11.09,11.2,11.04,275602,321449856.0,1.45,0.45,0.05,0.32,0
2021-06-25,11.1,11.28,11.37,11.1,746759,883194848.0,2.43,1.71,0.19,0.88,0
2021-06-28,11.28,11.09,11.28,11.05,483802,565658432.0,2.04,-1.68,-0.19,0.57,0
2021-06-29,11.09,10.94,11.14,10.92,372130,430205920.0,1.98,-1.35,-0.15,0.44,0
2021-06-30,10.96,10.95,11.04,10.89,287442,330809312.0,1.37,0.09,0.01,0.34,0
2021-07-01,11.16,11.15,11.26,10.94,631287,735312752.0,2.92,1.83,0.2,0.74,0
2021-07-02,11.08,10.87,11.08,10.85,444023,510247888.0,2.06,-2.51,-0.28,0.52,0
2021-07-05,10.89,10.78,10.92,10.7,316034,358808160.0,2.02,-0.83,-0.09,0.37,0
2021-07-06,10.8,10.9,10.95,10.76,269486,307321424.0,1.76,1.11,0.12,0.32,0
2021-07-07,10.9,10.94,10.96,10.83,307948,352772288.0,1.19,0.37,0.04,0.36,0
2021-07-08,11.03,10.85,11.04,10.82,240733,275592912.0,2.01,-0.82,-0.09,0.28,0
2021-07-09,10.84,10.88,10.94,10.78,297695,339802608.0,1.47,0.28,0.03,0.35,0
2021-07-12,11.01,11.19,11.21,10.96,690501,804771872.0,2.3,2.85,0.31,0.81,0
2021-07-13,11.19,11.22,11.27,11.13,399218,468904032.0,1.25,0.27,0.03,0.47,0
2021-07-14,11.18,10.99,11.2,10.97,410911,476849376.0,2.05,-2.05,-0.23,0.48,0
2021-07-15,11.02,11.26,11.27,10.98,604219,708485104.0,2.64,2.46,0.27,0.71,0
2021-07-16,11.34,11.25,11.44,11.21,762710,905652192.0,2.04,-0.09,-0.01,0.9,0
2021-07-19,11.25,11.4,11.43,11.11,628362,744777056.0,2.84,1.33,0.15,0.74,0
2021-07-20,11.3,11.3,11.38,11.25,380444,450846928.0,1.14,-0.88,-0.1,0.45,0
2021-07-21,11.33,11.35,11.56,11.29,638329,763340576.0,2.39,0.44,0.05,0.75,0
2021-07-22,11.4,11.51,11.55,11.29,646090,775946144.0,2.29,1.41,0.16,0.76,0
2021-07-23,11.55,11.58,11.84,11.43,1036673,1261992752.0,3.56,0.61,0.07,1.22,0
2021-07-26,11.47,11.07,11.47,11.05,964604,1136858304.0,3.63,-4.4,-0.51,1.14,0
2021-07-27,11.1,10.71,11.14,10.66,699995,803117568.0,4.34,-3.25,-0.36,0.83,0
2021-07-28,10.72,10.74,10.93,10.7,561666,637780080.0,2.15,0.28,0.03,0.66,0
2021-07-29,10.9,10.74,10.91,10.66,529014,585439264.0,2.33,0.0,0.0,0.62,0
2021-07-30,10.76,10.74,10.88,10.69,387778,429039328.0,1.77,0.0,0.0,0.46,0
2021-08-02,10.73,11.05,11.27,10.6,851654,961699104.0,6.24,2.89,0.31,1.0,0
2021-08-03,10.98,11.06,11.3,10.92,622830,709368016.0,3.44,0.09,0.01,0.73,0
2021-08-04,11.06,11.0,11.11,10.93,406970,460696240.0,1.63,-0.54,-0.06,0.48,0
2021-08-05,10.96,10.86,11.07,10.86,350174,393691664.0,1.91,-1.27,-0.14,0.41,0
2021-08-06,10.87,10.92,10.97,10.83,308645,345610992.0,1.29,0.55,0.06,0.36,0
2021-08-09,10.86,11.18,11.2,10.84,629068,717198832.0,3.3,2.38,0.26,0.74,0
2021-08-10,11.15,11.25,11.28,11.05,609375,698678096.0,2.06,0.63,0.07,0.72,0
2021-08-11,11.21,11.21,11.34,11.16,545260,629952560.0,1.6,-0.36,-0.04,0.64,0
2021-08-12,11.18,11.2,11.27,11.15,348853,401201424.0,1.07,-0.09,-0.01,0.41,0
2021-08-13,11.17,11.17,11.27,11.11,351673,403618240.0,1.43,-0.27,-0.03,0.41,0
2021-08-16,11.22,11.37,11.5,11.21,823793,961349408.0,2.6,1.79,0.2,0.97,0
2021-08-17,11.39,11.3,11.66,11.27,1044182,1230475872.0,3.43,-0.62,-0.07,1.23,0
2021-08-18,11.3,11.98,12.05,11.28,2020144,2441332336.0,6.81,6.02,0.68,2.38,0
2021-08-19,11.91,11.67,12.15,11.66,1456165,1763838000.0,4.09,-2.59,-0.31,1.72,0
2021-08-20,11.73,11.83,11.9,11.6,1007432,1213956736.0,2.57,1.37,0.16,1.19,0
2021-08-23,11.9,11.72,12.03,11.6,912883,1102989856.0,3.63,-0.93,-0.11,1.08,0
2021-08-24,11.68,12.26,12.54,11.65,2032795,2527581616.0,7.59,4.61,0.54,2.4,0
2021-08-25,12.09,12.08,12.3,11.96,1063058,1316440432.0,2.77,-1.47,-0.18,1.25,0
2021-08-26,12.08,12.01,12.23,11.98,856738,1062177216.0,2.07,-0.58,-0.07,1.01,0
2021-08-27,12.08,12.13,12.48,12.01,1094054,1369200256.0,3.91,1.0,0.12,1.29,0
2021-08-30,12.28,12.24,12.56,12.11,1183840,1490576544.0,3.71,0.91,0.11,1.4,0
2021-08-31,12.15,12.41,12.6,12.04,1521046,1922164016.0,4.58,1.39,0.17,1.79,0
2021-09-01,12.39,12.85,13.14,12.33,2472877,3235857024.0,6.53,3.55,0.44,2.92,0
2021-09-02,12.76,13.05,13.14,12.73,1756678,2332509760.0,3.19,1.56,0.2,2.07,0
2021-09-03,13.5,12.91,13.58,12.9,1919573,2593281696.0,5.21,-1.07,-0.14,2.26,0
2021-09-06,12.91,13.21,13.34,12.86,1332217,1798972672.0,3.72,2.32,0.3,1.57,0
2021-09-07,13.12,13.51,13.57,12.99,1582209,2155133968.0,4.39,2.27,0.3,1.87,0
2021-09-08,13.5,13.37,13.76,13.3,1336763,1844733808.0,3.4,-1.04,-0.14,1.58,0
2021-09-09,12.61,12.22,12.65,12.04,4246142,5346786560.0,4.56,-8.6,-1.15,5.01,0
2021-09-10,12.25,12.61,12.64,12.13,3055782,3889514000.0,4.17,3.19,0.39,3.6,0
2021-09-13,12.62,12.5,12.74,12.39,1506654,1933792912.0,2.78,-0.87,-0.11,1.78,0
2021-09-14,12.5,12.08,12.55,12.03,1495300,1874313984.0,4.16,-3.36,-0.42,1.76,0
2021-09-15,12.08,12.05,12.19,11.96,825878,1022129696.0,1.9,-0.25,-0.03,0.97,0
2021-09-16,12.05,11.82,12.15,11.81,968145,1188783360.0,2.82,-1.91,-0.23,1.14,0
2021-09-17,11.86,11.99,12.12,11.86,768169,945331728.0,2.2,1.44,0.17,0.91,0
2021-09-22,11.8,11.87,11.98,11.68,721503,873181872.0,2.5,-1.0,-0.12,0.85,0
2021-09-23,11.94,12.06,12.14,11.94,650832,803006032.0,1.68,1.6,0.19,0.77,0
2021-09-24,12.06,11.92,12.14,11.89,567052,698206224.0,2.07,-1.16,-0.14,0.67,0
2021-09-27,11.88,11.78,12.02,11.73,679950,826778816.0,2.43,-1.17,-0.14,0.8,0
2021-09-28,11.82,11.91,11.97,11.78,502229,612257984.0,1.61,1.1,0.13,0.59,0
2021-09-29,12.05,11.99,12.1,11.83,984711,1207500864.0,2.27,0.67,0.08,1.16,0
2021-09-30,11.92,11.84,12.0,11.78,791446,963045600.0,1.83,-1.25,-0.15,0.93,0
2021-10-08,11.95,12.11,12.18,11.93,762767,944487968.0,2.11,2.28,0.27,0.9,0
2021-10-11,12.14,12.1,12.27,12.09,558410,697089504.0,1.49,-0.08,-0.01,0.66,0
2021-10-12,12.05,11.96,12.08,11.82,609469,745877520.0,2.15,-1.16,-0.14,0.72,0
2021-10-13,11.92,11.96,12.02,11.82,361625,442408384.0,1.67,0.0,0.0,0.43,0
2021-10-14,11.96,11.92,11.98,11.84,292316,357063488.0,1.17,-0.33,-0.04,0.34,0
2021-10-15,11.91,11.95,12.04,11.88,359966,441947072.0,1.34,0.25,0.03,0.42,0
2021-10-18,11.92,11.99,12.06,11.92,383806,471051904.0,1.17,0.33,0.04,0.45,0
2021-10-19,11.95,11.96,12.09,11.93,500206,615685664.0,1.33,-0.25,-0.03,0.59,0
2021-10-20,11.97,11.87,12.0,11.85,346386,422967872.0,1.25,-0.75,-0.09,0.41,0
2021-10-21,11.88,11.97,12.04,11.84,516728,632664368.0,1.68,0.84,0.1,0.61,0
2021-10-22,11.97,11.98,12.06,11.94,404156,496920320.0,1.0,0.08,0.01,0.48,0
2021-10-25,11.99,12.09,12.14,11.92,602749,743625520.0,1.84,0.92,0.11,0.71,0
2021-10-26,12.05,12.0,12.14,11.97,404096,498838400.0,1.41,-0.74,-0.09,0.48,0
2021-10-27,11.97,11.79,11.99,11.76,477542,579861552.0,1.92,-1.75,-0.21,0.56,0
2021-10-28,11.79,11.73,11.83,11.64,400604,481307648.0,1.61,-0.51,-0.06,0.47,0
2021-10-29,11.79,12.05,12.08,11.65,816526,997745440.0,3.67,2.73,0.32,0.96,0
2021-11-01,11.99,12.25,12.33,11.99,723039,904488224.0,2.82,1.66,0.2,0.85,0
2021-11-02,12.21,12.09,12.26,11.95,615928,763000672.0,2.53,-1.31,-0.16,0.73,0
2021-11-03,12.04,12.15,12.21,11.99,508272,631210752.0,1.82,0.5,0.06,0.6,0
2021-11-04,12.18,12.08,12.28,12.06,400299,497809184.0,1.81,-0.58,-0.07,0.47,0
2021-11-05,12.02,12.06,12.17,11.98,348743,431850432.0,1.57,-0.17,-0.02,0.41,0
2021-11-08,12.08,12.13,12.23,12.02,336291,418122752.0,1.74,0.58,0.07,0.4,0
2021-11-09,12.18,12.29,12.31,12.13,453104,567863984.0,1.48,1.32,0.16,0.53,0
2021-11-10,12.24,12.18,12.3,12.07,440863,549006688.0,1.87,-0.9,-0.11,0.52,0
2021-11-11,12.15,12.36,12.39,12.14,755331,952749552.0,2.05,1.48,0.18,0.89,0
2021-11-12,12.36,12.33,12.36,12.22,462938,582591952.0,1.13,-0.24,-0.03,0.55,0
2021-11-15,12.3,12.25,12.37,12.19,384537,482905312.0,1.46,-0.65,-0.08,0.45,0
2021-11-16,12.24,12.11,12.3,12.08,410618,512608880.0,1.8,-1.14,-0.14,0.48,0
2021-11-17,12.09,12.03,12.2,12.02,374691,464317744.0,1.49,-0.66,-0.08,0.44,0
2021-11-18,12.01,11.84,12.03,11.84,435342,531175456.0,1.58,-1.58,-0.19,0.51,0
2021-11-19,11.81,11.98,12.04,11.81,454670,556271488.0,1.94,1.18,0.14,0.54,0
2021-11-22,11.95,11.93,12.03,11.88,400135,489760000.0,1.25,-0.42,-0.05,0.47,0
2021-11-23,11.92,11.92,12.08,11.9,517320,635497936.0,1.51,-0.08,-0.01,0.61,0
2021-11-24,11.92,11.87,11.96,11.85,388397,473305216.0,0.92,-0.42,-0.05,0.46,0
2021-11-25,11.88,11.74,11.9,11.73,534314,645743200.0,1.43,-1.1,-0.13,0.63,0
2021-11-26,11.72,11.65,11.74,11.65,422231,506567520.0,0.77,-0.77,-0.09,0.5,0
2021-11-29,11.54,11.55,11.61,11.5,414659,491200256.0,0.94,-0.86,-0.1,0.49,0
2021-11-30,11.58,11.53,11.64,11.51,307832,365180672.0,1.13,-0.17,-0.02,0.36,0
2021-12-01,11.51,11.62,11.64,11.5,380770,452972352.0,1.21,0.78,0.09,0.45,0
2021-12-02,11.6,11.69,11.75,11.59,428189,512996480.0,1.38,0.6,0.07,0.5,0
2021-12-03,11.66,11.69,11.75,11.61,332769,398826304.0,1.2,0.0,0.0,0.39,0
2021-12-06,11.75,11.77,12.06,11.7,1028479,1253805072.0,3.08,0.68,0.08,1.21,0
2021-12-07,11.86,11.8,11.88,11.67,664888,802664752.0,1.78,0.25,0.03,0.78,0
2021-12-08,11.83,11.84,11.88,11.75,549348,665430976.0,1.1,0.34,0.04,0.65,0
2021-12-09,11.83,12.02,12.13,11.81,1113481,1369768048.0,2.7,1.52,0.18,1.31,0
2021-12-10,11.95,11.9,12.01,11.88,721555,882814160.0,1.08,-1.0,-0.12,0.85,0
2021-12-13,12.07,11.85,12.15,11.84,929078,1143453376.0,2.61,-0.42,-0.05,1.1,0
2021-12-14,11.82,11.82,11.87,11.78,457364,554277984.0,0.76,-0.25,-0.03,0.54,0
2021-12-15,11.82,11.85,11.92,11.8,391484,475811520.0,1.02,0.25,0.03,0.46,0
2021-12-16,11.85,11.92,11.93,11.83,391679,477240048.0,0.84,0.59,0.07,0.46,0
2021-12-17,11.93,11.94,12.04,11.9,670453,822744448.0,1.17,0.17,0.02,0.79,0
2021-12-20,11.89,11.84,12.0,11.83,507681,620094160.0,1.42,-0.84,-0.1,0.6,0
2021-12-21,11.83,11.92,11.94,11.81,453941,552846624.0,1.1,0.68,0.08,0.54,0
2021-12-22,11.94,11.83,11.95,11.83,349058,424966816.0,1.01,-0.76,-0.09,0.41,0
2021-12-23,11.85,11.86,11.89,11.81,319954,388736768.0,0.68,0.25,0.03,0.38,0
2021-12-24,11.85,11.76,11.88,11.75,315828,382294784.0,1.1,-0.84,-0.1,0.37,0
2021-12-27,11.75,11.81,11.84,11.75,215332,260595734.0,0.77,0.43,0.05,0.25,0
2021-12-28,11.84,11.87,11.89,11.77,383999,466121216.0,1.02,0.51,0.06,0.45,0
2021-12-29,11.87,11.86,11.9,11.82,265287,322570672.0,0.67,-0.08,-0.01,0.31,0
2021-12-30,11.83,11.93,12.0,11.83,472312,577791264.0,1.43,0.59,0.07,0.56,0
2021-12-31,11.99,11.96,12.03,11.94,370912,455646960.0,0.75,0.25,0.03,0.44,0
2022-01-04,11.96,12.03,12.09,11.91,584260,719210960.0,1.51,0.59,0.07,0.69,0
2022-01-05,12.04,12.0,12.11,11.98,524600,648025296.0,1.08,-0.25,-0.03,0.62,0
2022-01-06,11.97,11.9,12.01,11.89,626175,766263968.0,1.0,-0.83,-0.1,0.74,0
2022-01-07,11.94,11.94,12.03,11.92,645031,790971952.0,0.92,0.34,0.04,0.76,0
2022-01-10,11.95,11.96,12.03,11.94,438074,537870512.0,0.75,0.17,0.02,0.52,0
2022-01-11,11.96,11.98,12.03,11.93,546191,671237264.0,0.84,0.17,0.02,0.64,0
2022-01-12,12.02,12.01,12.04,11.93,392548,482599696.0,0.92,0.25,0.03,0.46,0
2022-01-13,12.08,11.99,12.18,11.99,612399,758011408.0,1.58,-0.17,-0.02,0.72,0
2022-01-14,11.96,11.69,11.97,11.68,765590,926945680.0,2.42,-2.5,-0.3,0.9,0
2022-01-17,11.68,11.73,11.8,11.68,350967,422286720.0,1.03,0.34,0.04,0.41,0
2022-01-18,11.74,11.74,11.82,11.66,590437,710567648.0,1.36,0.09,0.01,0.7,0
2022-01-19,11.77,11.79,11.93,11.73,631348,765217808.0,1.7,0.43,0.05,0.74,0
2022-01-20,11.78,12.08,12.14,11.77,1224926,1507647088.0,3.14,2.46,0.29,1.44,0
2022-01-21,12.05,12.05,12.16,12.0,683645,845401808.0,1.32,-0.25,-0.03,0.81,0
2022-01-24,12.0,11.88,12.05,11.87,560891,686435040.0,1.49,-1.41,-0.17,0.66,0
2022-01-25,11.85,11.6,11.9,11.56,663976,799127152.0,2.86,-2.36,-0.28,0.78,0
2022-01-26,11.63,11.67,11.7,11.5,500734,596594128.0,1.72,0.6,0.07,0.59,0
2022-01-27,11.61,11.36,11.64,11.33,528939,620315424.0,2.66,-2.66,-0.31,0.62,0
2022-01-28,11.43,11.18,11.5,11.18,489145,569568432.0,2.82,-1.58,-0.18,0.58,0
2022-02-07,11.28,11.3,11.35,11.21,379263,439082368.0,1.25,1.07,0.12,0.43,0
2022-02-08,11.28,11.59,11.61,11.28,472354,554986624.0,2.92,2.57,0.29,0.53,0
2022-02-09,11.59,11.57,11.66,11.53,366815,435778176.0,1.12,-0.17,-0.02,0.41,0
2022-02-10,11.56,11.59,11.62,11.51,274819,326169152.0,0.95,0.17,0.02,0.31,0
2022-02-11,11.52,11.6,11.74,11.52,419900,501562784.0,1.9,0.09,0.01,0.47,0
2022-02-14,11.56,11.41,11.6,11.34,516838,608421184.0,2.24,-1.64,-0.19,0.58,0
2022-02-15,11.41,11.42,11.47,11.37,274137,321231696.0,0.88,0.09,0.01,0.31,0
2022-02-16,11.47,11.42,11.56,11.4,255956,301459312.0,1.4,0.0,0.0,0.29,0
2022-02-17,11.4,11.31,11.44,11.3,296017,345077056.0,1.23,-0.96,-0.11,0.33,0
2022-02-18,11.26,11.4,11.4,11.25,278062,323097712.0,1.33,0.8,0.09,0.31,0
2022-02-21,11.4,11.4,11.42,11.3,285380,332757440.0,1.05,0.0,0.0,0.32,0
2022-02-22,11.33,11.24,11.35,11.21,348829,403600336.0,1.23,-1.4,-0.16,0.39,0
2022-02-23,11.25,11.29,11.31,11.22,251477,290847472.0,0.8,0.44,0.05,0.28,0
2022-02-24,11.24,10.96,11.24,10.9,505158,574085760.0,3.01,-2.92,-0.33,0.57,0
2022-02-25,11.02,10.92,11.08,10.9,311953,352044064.0,1.64,-0.36,-0.04,0.35,0
2022-02-28,10.94,10.94,10.96,10.79,209213,233885987.0,1.56,0.18,0.02,0.24,0
2022-03-01,10.94,10.96,11.0,10.88,228800,257230773.0,1.1,0.18,0.02,0.26,0
2022-03-02,10.91,10.97,11.0,10.9,250109,281613088.0,0.91,0.09,0.01,0.28,0
2022-03-03,10.98,11.0,11.05,10.98,227675,257596615.0,0.64,0.27,0.03,0.26,0
2022-03-04,10.94,10.96,10.99,10.86,264964,297899584.0,1.18,-0.36,-0.04,0.3,0
2022-03-07,10.91,10.75,10.96,10.71,370065,412613184.0,2.28,-1.92,-0.21,0.42,0
2022-03-08,10.73,10.51,10.8,10.51,432484,474430928.0,2.7,-2.23,-0.24,0.49,0
2022-03-09,10.53,10.15,10.59,9.82,581775,613922864.0,7.33,-3.43,-0.36,0.66,0
2022-03-10,10.35,10.12,10.39,10.12,455405,480627408.0,2.66,-0.3,-0.03,0.51,0
2022-03-11,10.0,10.31,10.41,9.86,510848,531145104.0,5.43,1.88,0.19,0.58,0
2022-03-14,10.22,10.21,10.42,10.2,391021,414441568.0,2.13,-0.97,-0.1,0.44,0
2022-03-15,10.17,9.73,10.22,9.73,549768,566239488.0,4.8,-4.7,-0.48,0.62,0
2022-03-16,9.85,10.18,10.26,9.7,724721,745892528.0,5.76,4.62,0.45,0.82,0
2022-03-17,10.28,10.13,10.35,10.12,592933,623333152.0,2.26,-0.49,-0.05,0.67,0
2022-03-18,10.15,10.24,10.3,10.08,422264,442888592.0,2.17,1.09,0.11,0.48,0
2022-03-21,10.17,10.1,10.22,10.03,384689,401178336.0,1.86,-1.37,-0.14,0.43,0
2022-03-22,10.07,10.18,10.23,10.06,304481,318399264.0,1.68,0.79,0.08,0.34,0
2022-03-23,10.18,10.16,10.2,10.1,290790,304057072.0,0.98,-0.2,-0.02,0.33,0
2022-03-24,10.09,10.03,10.14,10.03,235426,244271243.0,1.08,-1.28,-0.13,0.27,0
2022-03-25,10.05,9.94,10.13,9.93,251841,259743097.0,1.99,-0.9,-0.09,0.28,0
2022-03-28,9.9,10.02,10.04,9.82,258485,264750078.0,2.21,0.8,0.08,0.29,0
2022-03-29,10.03,9.92,10.05,9.87,223984,229131242.0,1.8,-1.0,-0.1,0.25,0
2022-03-30,9.96,10.14,10.18,9.95,539471,560074832.0,2.32,2.22,0.22,0.61,0
2022-03-31,10.07,10.0,10.12,9.98,462320,478501168.0,1.38,-1.38,-0.14,0.52,0
2022-04-01,9.94,10.02,10.04,9.82,671988,687946832.0,2.2,0.2,0.02,0.76,0
2022-04-06,9.92,10.0,10.03,9.9,616002,631680080.0,1.3,-0.2,-0.02,0.69,0
2022-04-07,9.95,9.78,10.02,9.78,648924,661199344.0,2.4,-2.2,-0.22,0.73,0
2022-04-08,9.79,9.88,9.91,9.71,472222,477329232.0,2.04,1.02,0.1,0.53,0
2022-04-11,9.83,9.69,9.85,9.63,521068,522272864.0,2.23,-1.92,-0.19,0.59,0
2022-04-12,9.63,9.84,9.91,9.55,712681,714704832.0,3.72,1.55,0.15,0.8,0
2022-04-13,9.76,9.68,9.81,9.68,466524,467767008.0,1.32,-1.63,-0.16,0.53,0
2022-04-14,9.74,9.78,9.84,9.72,434208,438030352.0,1.24,1.03,0.1,0.49,0
2022-04-15,9.75,9.75,9.85,9.72,393372,396833728.0,1.33,-0.31,-0.03,0.44,0
2022-04-18,9.71,9.67,9.71,9.59,347312,345449552.0,1.23,-0.82,-0.08,0.39,0
2022-04-19,9.65,9.55,9.7,9.51,414922,410961296.0,1.96,-1.24,-0.12,0.47,0
2022-04-20,9.52,9.42,9.55,9.42,344882,337203152.0,1.36,-1.36,-0.13,0.39,0
2022-04-21,9.42,9.35,9.49,9.32,460305,445734560.0,1.8,-0.74,-0.07,0.52,0
2022-04-22,9.3,9.36,9.42,9.28,316671,306085568.0,1.5,0.11,0.01,0.36,0
2022-04-25,9.29,9.01,9.34,9.0,589378,561553808.0,3.63,-3.74,-0.35,0.66,0
2022-04-26,9.04,8.62,9.09,8.59,651325,592473824.0,5.55,-4.33,-0.39,0.73,0
2022-04-27,8.39,8.61,8.72,8.26,620147,547607424.0,5.34,-0.12,-0.01,0.7,0
2022-04-28,8.55,8.51,8.58,8.35,476053,417648512.0,2.67,-1.16,-0.1,0.54,0
2022-04-29,8.68,8.75,8.9,8.58,702054,634072000.0,3.76,2.82,0.24,0.79,0
2022-05-05,8.7,8.67,8.75,8.64,385617,346833680.0,1.26,-0.91,-0.08,0.43,0
2022-05-06,8.57,8.45,8.65,8.44,316042,278813184.0,2.42,-2.54,-0.22,0.36,0
2022-05-09,8.42,8.5,8.55,8.41,199679,175604091.0,1.66,0.59,0.05,0.23,0
2022-05-10,8.43,8.6,8.65,8.38,324803,286725552.0,3.18,1.18,0.1,0.37,0
2022-05-11,8.6,8.62,8.81,8.55,469939,421762272.0,3.02,0.23,0.02,0.53,0
2022-05-12,8.59,8.62,8.69,8.56,218595,194799450.0,1.51,0.0,0.0,0.25,0
2022-05-13,8.66,8.69,8.73,8.62,238520,213955223.0,1.28,0.81,0.07,0.27,0
2022-05-16,8.75,8.59,8.75,8.57,258820,230899190.0,2.07,-1.15,-0.1,0.29,0
2022-05-17,8.59,8.61,8.64,8.51,221645,196705457.0,1.51,0.23,0.02,0.25,0
2022-05-18,8.62,8.63,8.68,8.58,302611,270272160.0,1.16,0.23,0.02,0.34,0
2022-05-19,8.55,8.63,8.63,8.52,260823,231465568.0,1.27,0.0,0.0,0.29,0
2022-05-20,8.65,8.75,8.81,8.64,440241,397667728.0,1.97,1.39,0.12,0.5,0
2022-05-23,8.76,8.77,8.8,8.68,335319,303149344.0,1.37,0.23,0.02,0.38,0
2022-05-24,8.77,8.61,8.82,8.6,396533,357129776.0,2.51,-1.82,-0.16,0.45,0
2022-05-25,8.58,8.65,8.68,8.58,209797,187753851.0,1.16,0.46,0.04,0.24,0
2022-05-26,8.69,8.8,8.9,8.62,378211,343287056.0,3.24,1.73,0.15,0.43,0
2022-05-27,8.8,8.8,8.86,8.74,307441,280200480.0,1.36,0.0,0.0,0.35,0
2022-05-30,8.82,8.77,8.85,8.73,249554,226796930.0,1.36,-0.34,-0.03,0.28,0
2022-05-31,8.79,8.83,8.87,8.75,308929,281791456.0,1.37,0.68,0.06,0.35,0
2022-06-01,8.84,8.79,8.85,8.77,202731,184629668.0,0.91,-0.45,-0.04,0.23,0
2022-06-02,8.78,8.83,8.87,8.73,256829,233768322.0,1.59,0.46,0.04,0.29,0
2022-06-06,8.82,8.95,8.98,8.77,443639,407856784.0,2.38,1.36,0.12,0.5,0
2022-06-07,8.95,8.98,9.08,8.9,487826,453700496.0,2.01,0.34,0.03,0.55,0
2022-06-08,8.99,9.22,9.25,8.97,731862,691304832.0,3.12,2.67,0.24,0.82,0
2022-06-09,9.23,9.17,9.37,9.1,639717,609998592.0,2.93,-0.54,-0.05,0.72,0
2022-06-10,9.11,9.33,9.35,9.03,676351,642558128.0,3.49,1.74,0.16,0.76,0
2022-06-13,9.2,9.17,9.27,9.1,520420,493357744.0,1.82,-1.71,-0.16,0.59,0
2022-06-14,9.06,9.51,9.57,8.98,911739,873311392.0,6.43,3.71,0.34,1.03,0
2022-06-15,9.57,9.79,10.11,9.53,1808218,1835578000.0,6.1,2.94,0.28,2.04,0
2022-06-16,9.8,9.5,9.8,9.48,904262,897498160.0,3.27,-2.96,-0.29,1.02,0
2022-06-17,9.38,9.48,9.58,9.31,636987,620725456.0,2.84,-0.21,-0.02,0.72,0
2022-06-20,9.43,9.38,9.54,9.37,433428,421478944.0,1.79,-1.05,-0.1,0.49,0
2022-06-21,9.4,9.39,9.47,9.33,331861,322361904.0,1.49,0.11,0.01,0.37,0
2022-06-22,9.41,9.24,9.44,9.24,365318,352312960.0,2.13,-1.6,-0.15,0.41,0
2022-06-23,9.23,9.5,9.55,9.23,578440,563000656.0,3.46,2.81,0.26,0.65,0
2022-06-24,9.5,9.46,9.53,9.41,348204,340308512.0,1.26,-0.42,-0.04,0.39,0
2022-06-27,9.51,9.46,9.56,9.45,384658,377178080.0,1.16,0.0,0.0,0.43,0
2022-06-28,9.46,9.55,9.61,9.37,398396,388726800.0,2.54,0.95,0.09,0.45,0
2022-06-29,9.51,9.46,9.6,9.46,411783,405030864.0,1.47,-0.94,-0.09,0.46,0
2022-06-30,9.46,9.51,9.63,9.45,356590,351223872.0,1.9,0.53,0.05,0.4,0
2022-07-01,9.52,9.42,9.55,9.39,260528,254219899.0,1.68,-0.95,-0.09,0.29,0
2022-07-04,9.39,9.42,9.45,9.3,265542,257214149.0,1.59,0.0,0.0,0.3,0
2022-07-05,9.43,9.37,9.54,9.32,342275,333020976.0,2.34,-0.53,-0.05,0.39,0
2022-07-06,9.38,9.25,9.38,9.24,292477,280635232.0,1.49,-1.28,-0.12,0.33,0
2022-07-07,9.25,9.24,9.36,9.23,211440,202851151.0,1.41,-0.11,-0.01,0.24,0
2022-07-08,9.3,9.32,9.4,9.28,243262,234511052.0,1.3,0.87,0.08,0.27,0
2022-07-11,9.32,9.19,9.33,9.19,251966,240832027.0,1.5,-1.39,-0.13,0.28,0
2022-07-12,9.19,9.18,9.29,9.16,272970,259702091.0,1.41,-0.11,-0.01,0.31,0
2022-07-13,9.2,9.14,9.23,9.11,229579,217479860.0,1.31,-0.44,-0.04,0.26,0
2022-07-14,9.14,9.1,9.2,9.07,212584,200287451.0,1.42,-0.44,-0.04,0.24,0
2022-07-15,9.1,8.85,9.16,8.84,384548,358011271.0,3.52,-2.75,-0.25,0.43,0
2022-07-18,8.9,9.14,9.17,8.88,321545,301575910.0,3.28,3.28,0.29,0.36,0
2022-07-19,9.15,9.21,9.24,9.08,201540,190669547.0,1.75,0.77,0.07,0.23,0
2022-07-20,9.24,9.22,9.28,9.22,149082,142339119.0,0.65,0.11,0.01,0.17,0
2022-07-21,9.21,9.16,9.25,9.15,175312,166777171.0,1.08,-0.65,-0.06,0.2,0
2022-07-22,9.2,9.32,9.42,9.2,341793,328621243.0,2.4,1.75,0.16,0.39,0
2022-07-25,9.28,9.25,9.34,9.22,154683,148049563.0,1.29,-0.75,-0.07,0.17,0
2022-07-26,9.25,9.27,9.32,9.23,134403,128681352.0,0.97,0.22,0.02,0.15,0
2022-07-27,9.3,9.22,9.3,9.21,154266,147328317.0,0.97,-0.54,-0.05,0.17,0
2022-07-28,9.3,9.36,9.47,9.27,310892,291599971.0,2.17,1.52,0.14,0.35,0
2022-07-29,9.4,9.34,9.54,9.3,285340,268639590.0,2.56,-0.21,-0.02,0.32,0
2022-08-01,9.31,9.31,9.42,9.27,194108,181176651.0,1.61,-0.32,-0.03,0.22,0
2022-08-02,9.25,9.12,9.25,9.0,352131,320370569.0,2.69,-2.04,-0.19,0.4,0
2022-08-03,9.11,9.1,9.23,9.09,185609,169848938.0,1.54,-0.22,-0.02,0.21,0
2022-08-04,9.17,9.19,9.27,9.12,204177,187508850.0,1.65,0.99,0.09,0.23,0
2022-08-05,9.24,9.42,9.44,9.17,317387,296296663.0,2.94,2.5,0.23,0.36,0
2022-08-08,9.42,9.44,9.5,9.39,183639,173539565.0,1.17,0.21,0.02,0.21,0
2022-08-09,9.45,9.34,9.48,9.33,177670,166775400.0,1.59,-1.06,-0.1,0.2,0
2022-08-10,9.33,9.29,9.41,9.26,161345,150308301.0,1.61,-0.54,-0.05,0.18,0
2022-08-11,9.35,9.6,9.64,9.32,570370,544058144.0,3.44,3.34,0.31,0.64,0
2022-08-12,9.55,9.57,9.63,9.52,321031,307737865.0,1.15,-0.31,-0.03,0.36,0
2022-08-15,9.56,9.52,9.68,9.5,282349,270436920.0,1.88,-0.52,-0.05,0.32,0
2022-08-16,9.54,9.48,9.6,9.47,178513,169916902.0,1.37,-0.42,-0.04,0.2,0
2022-08-17,9.5,9.6,9.64,9.43,317502,303592465.0,2.22,1.27,0.12,0.36,0
2022-08-18,9.56,9.58,9.61,9.51,195670,187266842.0,1.04,-0.21,-0.02,0.22,0
2022-08-19,9.57,9.52,9.63,9.52,217912,208729013.0,1.15,-0.63,-0.06,0.25,0
2022-08-22,9.51,9.5,9.59,9.48,208134,198388209.0,1.16,-0.21,-0.02,0.23,0
2022-08-23,9.5,9.45,9.58,9.36,347565,328983694.0,2.32,-0.53,-0.05,0.39,0
2022-08-24,9.48,9.35,9.63,9.34,359450,340844678.0,3.07,-1.06,-0.1,0.41,0
2022-08-25,9.38,9.52,9.55,9.35,319937,301616214.0,2.14,1.82,0.17,0.36,0
2022-08-26,9.49,9.51,9.57,9.46,208375,198300183.0,1.16,-0.11,-0.01,0.23,0
2022-08-29,9.4,9.45,9.47,9.37,204343,192483614.0,1.05,-0.63,-0.06,0.23,0
2022-08-30,9.48,9.41,9.51,9.36,215028,202539433.0,1.59,-0.42,-0.04,0.24,0
2022-08-31,9.38,9.48,9.6,9.37,342724,324498706.0,2.44,0.74,0.07,0.39,0
2022-09-01,9.47,9.39,9.51,9.38,220115,207804161.0,1.37,-0.95,-0.09,0.25,0
2022-09-02,9.38,9.32,9.46,9.3,211078,197939738.0,1.7,-0.75,-0.07,0.24,0
2022-09-05,9.32,9.4,9.42,9.26,216612,202509111.0,1.72,0.86,0.08,0.24,0
2022-09-06,9.43,9.46,9.5,9.41,209941,198533930.0,0.96,0.64,0.06,0.24,0
2022-09-07,9.45,9.47,9.47,9.41,127131,120041047.0,0.63,0.11,0.01,0.14,0
2022-09-08,9.49,9.44,9.52,9.41,152753,144663826.0,1.16,-0.32,-0.03,0.17,0
2022-09-09,9.45,9.54,9.57,9.42,288844,275206968.0,1.59,1.06,0.1,0.33,0
2022-09-13,9.55,9.52,9.6,9.51,221264,211518821.0,0.94,-0.21,-0.02,0.25,0
2022-09-14,9.45,9.46,9.53,9.43,230000,217891891.0,1.05,-0.63,-0.06,0.26,0
2022-09-15,9.49,9.46,9.54,9.42,262951,249554598.0,1.27,0.0,0.0,0.3,0
2022-09-16,9.47,9.05,9.47,9.05,590330,542204736.0,4.44,-4.33,-0.41,0.67,0
2022-09-19,9.06,9.06,9.14,9.04,261778,237881481.0,1.1,0.11,0.01,0.3,0
2022-09-20,9.09,9.09,9.19,9.07,192130,175286194.0,1.32,0.33,0.03,0.22,0
2022-09-21,9.08,9.07,9.13,8.92,253265,228621882.0,2.31,-0.22,-0.02,0.29,0
2022-09-22,9.04,9.12,9.15,9.02,163510,148690847.0,1.43,0.55,0.05,0.18,0
2022-09-23,9.08,9.12,9.2,9.07,175148,160133860.0,1.43,0.0,0.0,0.2,0
2022-09-26,9.11,8.97,9.14,8.93,200158,180865827.0,2.3,-1.64,-0.15,0.23,0
2022-09-27,9.01,8.98,9.06,8.92,158790,142434501.0,1.56,0.11,0.01,0.18,0
2022-09-28,8.95,8.82,8.98,8.75,249923,220840410.0,2.56,-1.78,-0.16,0.28,0
2022-09-29,8.85,8.58,8.89,8.52,316098,274076033.0,4.2,-2.72,-0.24,0.36,0
2022-09-30,8.51,8.66,8.73,8.51,220874,191424414.0,2.56,0.93,0.08,0.25,0
2022-10-10,8.64,8.66,8.8,8.6,230756,201207059.0,2.31,0.0,0.0,0.26,0
2022-10-11,8.71,8.62,8.77,8.62,183993,159813686.0,1.73,-0.46,-0.04,0.21,0
2022-10-12,8.65,8.74,8.77,8.53,208188,180395058.0,2.78,1.39,0.12,0.23,0
2022-10-13,8.71,8.62,8.74,8.56,313451,270203436.0,2.06,-1.37,-0.12,0.35,0
2022-10-14,8.67,8.73,8.78,8.66,310310,271146630.0,1.39,1.28,0.11,0.35,0
2022-10-17,8.73,8.77,8.81,8.71,208892,183173586.0,1.15,0.46,0.04,0.24,0
2022-10-18,8.83,8.74,8.83,8.73,177227,155365476.0,1.14,-0.34,-0.03,0.2,0
2022-10-19,8.74,8.63,8.78,8.63,173044,150476934.0,1.72,-1.26,-0.11,0.2,0
2022-10-20,8.62,8.64,8.76,8.59,228217,197477187.0,1.97,0.12,0.01,0.26,0
2022-10-21,8.78,8.58,8.83,8.57,332628,289541092.0,3.01,-0.69,-0.06,0.37,0
2022-10-24,8.58,8.32,8.76,8.3,484304,413160841.0,5.36,-3.03,-0.26,0.55,0
2022-10-25,8.37,8.39,8.49,8.25,311628,260501275.0,2.88,0.84,0.07,0.35,0
2022-10-26,8.39,8.4,8.55,8.37,246725,208352414.0,2.15,0.12,0.01,0.28,0
2022-10-27,8.43,8.47,8.54,8.41,261719,222206272.0,1.55,0.83,0.07,0.29,0
2022-10-28,8.44,8.37,8.55,8.34,300587,254321440.0,2.48,-1.18,-0.1,0.34,0
2022-10-31,8.35,8.44,8.57,8.33,328654,277843802.0,2.87,0.84,0.07,0.37,0
2022-11-01,8.5,8.6,8.61,8.47,340527,290861556.0,1.66,1.9,0.16,0.38,0
2022-11-02,8.55,8.58,8.6,8.51,288187,246467080.0,1.05,-0.23,-0.02,0.32,0
2022-11-03,8.55,8.44,8.55,8.43,244137,206927491.0,1.4,-1.63,-0.14,0.28,0
2022-11-04,8.43,8.6,8.7,8.41,519923,445811392.0,3.44,1.9,0.16,0.59,0
2022-11-07,8.56,8.58,8.62,8.55,332128,285006967.0,0.81,-0.23,-0.02,0.37,0
2022-11-08,8.59,8.55,8.6,8.51,206790,176600849.0,1.05,-0.35,-0.03,0.23,0
2022-11-09,8.55,8.52,8.57,8.49,184599,157316224.0,0.94,-0.35,-0.03,0.21,0
2022-11-10,8.49,8.56,8.59,8.46,232206,198160579.0,1.53,0.47,0.04,0.26,0
2022-11-11,8.7,8.74,8.85,8.65,561547,489529614.0,2.34,2.1,0.18,0.63,0
2022-11-14,8.77,8.75,8.94,8.74,537608,473766699.0,2.29,0.11,0.01,0.61,0
2022-11-15,8.75,8.93,9.05,8.7,877792,781880090.0,4.0,2.06,0.18,0.99,0
2022-11-16,8.9,8.83,8.92,8.83,398665,353473778.0,1.01,-1.12,-0.1,0.45,0
2022-11-17,8.81,8.87,8.88,8.78,322088,284127472.0,1.13,0.45,0.04,0.36,0
2022-11-18,8.87,8.8,8.9,8.77,346220,305973327.0,1.47,-0.79,-0.07,0.39,0
2022-11-21,8.76,8.69,8.78,8.65,244059,212028939.0,1.48,-1.25,-0.11,0.28,0
2022-11-22,8.7,8.76,8.82,8.66,281749,246306257.0,1.84,0.81,0.07,0.32,0
2022-11-23,8.72,8.77,8.84,8.71,263881,231751322.0,1.48,0.11,0.01,0.3,0
2022-11-24,8.8,8.73,8.85,8.71,185362,162656540.0,1.6,-0.46,-0.04,0.21,0
2022-11-25,8.72,8.8,8.85,8.72,285058,250865400.0,1.49,0.8,0.07,0.32,0
2022-11-28,8.71,8.71,8.72,8.62,301522,261270743.0,1.14,-1.02,-0.09,0.34,0
2022-11-29,8.72,8.98,9.0,8.71,669212,595352577.0,3.33,3.1,0.27,0.75,0
2022-11-30,8.96,8.94,9.06,8.94,414511,372419845.0,1.34,-0.45,-0.04,0.47,0
2022-12-01,9.08,8.95,9.16,8.94,503595,456115679.0,2.46,0.11,0.01,0.57,0
2022-12-02,8.95,8.95,9.0,8.92,267261,239455787.0,0.89,0.0,0.0,0.3,0
2022-12-05,9.01,9.2,9.22,9.01,760865,695334829.0,2.35,2.79,0.25,0.86,0
2022-12-06,9.15,9.12,9.25,9.09,486165,445276743.0,1.74,-0.87,-0.08,0.55,0
2022-12-07,9.11,9.06,9.16,9.02,481758,437201218.0,1.54,-0.66,-0.06,0.54,0
2022-12-08,9.06,9.1,9.14,9.04,553500,502233304.0,1.1,0.44,0.04,0.62,0
2022-12-09,9.1,9.1,9.29,9.05,1452116,1330671527.0,2.64,0.0,0.0,1.64,0
2022-12-12,9.11,9.03,9.16,9.01,649238,588810553.0,1.65,-0.77,-0.07,0.73,0
2022-12-13,9.0,9.03,9.12,9.0,362193,328045807.0,1.33,0.0,0.0,0.41,0
2022-12-14,9.06,9.08,9.09,9.0,201755,182505815.0,1.0,0.55,0.05,0.23,0
2022-12-15,9.03,8.98,9.07,8.97,271441,244280451.0,1.1,-1.1,-0.1,0.31,0
2022-12-16,8.95,9.01,9.02,8.92,278361,249761906.0,1.11,0.33,0.03,0.31,0
2022-12-19,9.0,8.75,9.06,8.71,358960,317564333.0,3.88,-2.89,-0.26,0.4,0
2022-12-20,8.71,8.66,8.79,8.62,292349,254305813.0,1.94,-1.03,-0.09,0.33,0
2022-12-21,8.65,8.64,8.72,8.6,187711,162407166.0,1.39,-0.23,-0.02,0.21,0
2022-12-22,8.67,8.62,8.71,8.54,361103,311860809.0,1.97,-0.23,-0.02,0.41,0
2022-12-23,8.57,8.6,8.69,8.52,251079,216302064.0,1.97,-0.23,-0.02,0.28,0
2022-12-26,8.61,8.63,8.65,8.57,185449,159761927.0,0.93,0.35,0.03,0.21,0
2022-12-27,8.68,8.7,8.72,8.64,159098,138257523.0,0.93,0.81,0.07,0.18,0
2022-12-28,8.69,8.66,8.74,8.64,216051,187504521.0,1.15,-0.46,-0.04,0.24,0
2022-12-29,8.71,8.64,8.71,8.57,229794,198262432.0,1.62,-0.23,-0.02,0.26,0
2022-12-30,8.64,8.69,8.7,8.64,196359,170463461.0,0.69,0.58,0.05,0.22,0
2023-01-03,8.63,8.59,8.64,8.45,395388,337945803.0,2.19,-1.15,-0.1,0.45,0
2023-01-04,8.57,8.61,8.63,8.56,240449,206801505.0,0.81,0.23,0.02,0.27,0
2023-01-05,8.63,8.71,8.77,8.63,346154,301027339.0,1.63,1.16,0.1,0.39,0
2023-01-06,8.7,8.7,8.78,8.68,260348,227013855.0,1.15,-0.11,-0.01,0.29,0
2023-01-09,8.73,8.82,8.87,8.72,313263,275945284.0,1.72,1.38,0.12,0.35,0
2023-01-10,8.83,8.8,8.89,8.78,254434,224706918.0,1.25,-0.23,-0.02,0.29,0
2023-01-11,8.81,8.75,8.83,8.75,214591,188584536.0,0.91,-0.57,-0.05,0.24,0
2023-01-12,8.77,8.82,8.83,8.72,214411,188070992.0,1.26,0.8,0.07,0.24,0
2023-01-13,8.84,8.94,8.94,8.81,347447,308359571.0,1.47,1.36,0.12,0.39,0
2023-01-16,8.94,9.21,9.36,8.94,974817,896105211.0,4.7,3.02,0.27,1.1,0
2023-01-17,9.16,9.26,9.3,9.16,515808,475821019.0,1.52,0.54,0.05,0.58,0
2023-01-18,9.23,9.25,9.32,9.21,417338,386877423.0,1.19,-0.11,-0.01,0.47,0
2023-01-19,9.22,9.4,9.4,9.21,388124,361578790.0,2.05,1.62,0.15,0.44,0
2023-01-20,9.4,9.42,9.46,9.31,448883,421881435.0,1.6,0.21,0.02,0.51,0
2023-01-30,9.54,9.44,9.62,9.43,526892,501484409.0,2.02,0.21,0.02,0.59,0
2023-01-31,9.44,9.34,9.53,9.32,367970,346141588.0,2.22,-1.06,-0.1,0.41,0
2023-02-01,9.38,9.59,9.6,9.34,416329,394518775.0,2.78,2.68,0.25,0.47,0
2023-02-02,9.74,9.46,9.79,9.44,753872,721068860.0,3.65,-1.36,-0.13,0.85,0
2023-02-03,9.43,9.36,9.47,9.26,410235,383247683.0,2.22,-1.06,-0.1,0.46,0
2023-02-06,9.28,9.17,9.3,9.15,422002,388387229.0,1.6,-2.03,-0.19,0.48,0
2023-02-07,9.21,9.19,9.23,9.14,305185,280089310.0,0.98,0.22,0.02,0.34,0
2023-02-08,9.19,9.15,9.23,9.13,263521,241802136.0,1.09,-0.44,-0.04,0.3,0
2023-02-09,9.14,9.25,9.27,9.12,297849,274597629.0,1.64,1.09,0.1,0.34,0
2023-02-10,9.25,9.21,9.27,9.18,170888,157635146.0,0.97,-0.43,-0.04,0.19,0
2023-02-13,9.2,9.24,9.26,9.16,218238,201126177.0,1.09,0.33,0.03,0.25,0
2023-02-14,9.26,9.24,9.28,9.21,164638,152231378.0,0.76,0.0,0.0,0.19,0
2023-02-15,9.23,9.17,9.25,9.16,195746,180065707.0,0.97,-0.76,-0.07,0.22,0
2023-02-16,9.18,9.09,9.3,9.04,442819,407220173.0,2.84,-0.87,-0.08,0.5,0
2023-02-17,9.09,9.0,9.12,8.99,313494,283897893.0,1.43,-0.99,-0.09,0.35,0
2023-02-20,9.09,9.28,9.28,9.05,448929,411902625.0,2.56,3.11,0.28,0.51,0
2023-02-21,9.25,9.28,9.3,9.22,279447,258737957.0,0.86,0.0,0.0,0.31,0
2023-02-22,9.24,9.2,9.29,9.18,290359,268056394.0,1.19,-0.86,-0.08,0.33,0
2023-02-23,9.2,9.24,9.32,9.2,269443,249570942.0,1.3,0.43,0.04,0.3,0
2023-02-24,9.25,9.15,9.26,9.13,214065,196436463.0,1.41,-0.97,-0.09,0.24,0
2023-02-27,9.11,9.09,9.16,9.06,172984,157573846.0,1.09,-0.66,-0.06,0.19,0
2023-02-28,9.1,9.15,9.18,9.07,232415,211933630.0,1.21,0.66,0.06,0.26,0
2023-03-01,9.15,9.26,9.29,9.12,345703,319295341.0,1.86,1.2,0.11,0.39,0
2023-03-02,9.26,9.28,9.31,9.25,279906,259730388.0,0.65,0.22,0.02,0.32,0
2023-03-03,9.28,9.31,9.32,9.23,298706,277390031.0,0.97,0.32,0.03,0.34,0
2023-03-06,9.32,9.21,9.34,9.21,286145,264738088.0,1.4,-1.07,-0.1,0.32,0
2023-03-07,9.2,9.11,9.31,9.1,448056,412843083.0,2.28,-1.09,-0.1,0.5,0
2023-03-08,9.08,9.1,9.11,9.06,263474,239270249.0,0.55,-0.11,-0.01,0.3,0
2023-03-09,9.11,9.08,9.12,9.08,161642,147050603.0,0.44,-0.22,-0.02,0.18,0
2023-03-10,9.05,8.9,9.06,8.9,391500,350937356.0,1.76,-1.98,-0.18,0.44,0
2023-03-13,8.9,8.94,8.95,8.87,209749,187003371.0,0.9,0.45,0.04,0.24,0
2023-03-14,8.94,8.88,8.94,8.8,205528,182302404.0,1.57,-0.67,-0.06,0.23,0
2023-03-15,8.93,8.92,8.96,8.92,192598,172143242.0,0.45,0.45,0.04,0.22,0
